descricao,discente,id_curso,id_turma,media_final,numero_total_faltas,reposicao,nome,periodoano
APROVADO POR NOTA,9255887b260138b79db663f7d1fa1d1b,10320810.0,57595223,6.8,2.0,f,CÁLCULO III,20171
REPROVADO,8c30c4b9e0af918e4f53a2d9a42c4c79,10320810.0,57595223,3.8,2.0,f,CÁLCULO III,20171
REPROVADO,8c30c4b9e0af918e4f53a2d9a42c4c79,10320810.0,57595223,3.8,2.0,t,CÁLCULO III,20171
APROVADO POR NOTA,0422029b820d1ab2bf490dfc9f9eb896,10320810.0,57595223,6.0,2.0,f,CÁLCULO III,20171
APROVADO,c2e2aced1a74547e85925e8ade92cbdb,10320810.0,57595223,8.2,0.0,f,CÁLCULO III,20171
APROVADO POR NOTA,c814ae793ef1b2407db108c478619667,10320810.0,57595223,5.0,2.0,f,CÁLCULO III,20171
APROVADO POR NOTA,c814ae793ef1b2407db108c478619667,10320810.0,57595223,5.0,2.0,t,CÁLCULO III,20171
APROVADO,30940b6a3c21e890adfb1a6d5e55a134,10320810.0,57595223,7.3,0.0,f,CÁLCULO III,20171
APROVADO POR NOTA,7c016235c30bef04f7562adc3417bfc9,10320810.0,57595223,5.7,2.0,f,CÁLCULO III,20171
APROVADO POR NOTA,65d6e145a8170aac287f7d3a3971a267,10320810.0,57595223,5.7,2.0,f,CÁLCULO III,20171
APROVADO POR NOTA,65d6e145a8170aac287f7d3a3971a267,10320810.0,57595223,5.7,2.0,t,CÁLCULO III,20171
APROVADO POR NOTA,8044b4b8f1c4b5bf292b671594b54778,10320810.0,57595223,5.0,2.0,t,CÁLCULO III,20171
APROVADO POR NOTA,8044b4b8f1c4b5bf292b671594b54778,10320810.0,57595223,5.0,2.0,f,CÁLCULO III,20171
REPROVADO,568a42b218a442de21c2c1bea5d66a97,10320810.0,57595223,0.5,0.0,f,CÁLCULO III,20171
REPROVADO,c0743c9193b93827289f5331858d29ef,10320810.0,57595223,2.5,0.0,f,CÁLCULO III,20171
REPROVADO,f4b92d5af7f72cb9aaaf2e3ea2a1c4e5,10320810.0,57595223,0.0,2.0,f,CÁLCULO III,20171
REPROVADO,d9624be1b77e9253a2c3ff826812cb7a,10320810.0,57595223,0.0,0.0,f,CÁLCULO III,20171
REPROVADO,8ef196676a430fd41f847495384496d8,10320810.0,57595223,0.2,0.0,f,CÁLCULO III,20171
REPROVADO,1c1636c7cd7d2a1a85bf7ca0fefbba34,10320810.0,57595223,2.2,0.0,f,CÁLCULO III,20171
REPROVADO,0961a609f1b6b9dbf6733c664fb06a40,10320810.0,57595223,4.7,2.0,t,CÁLCULO III,20171
REPROVADO,0961a609f1b6b9dbf6733c664fb06a40,10320810.0,57595223,4.7,2.0,f,CÁLCULO III,20171
APROVADO POR NOTA,6efe7b8bab002c90106ecb559a3b4604,10320810.0,57595223,6.3,2.0,f,CÁLCULO III,20171
REPROVADO,bfac440c4cfeca2bdc3c2316d74022fa,10320810.0,57595223,2.3,0.0,f,CÁLCULO III,20171
APROVADO POR NOTA,f5321631cc0f53e4e8192bc6a7cf1ce6,10320810.0,57595223,5.0,2.0,f,CÁLCULO III,20171
REPROVADO,69c28cf8529ae6c80379d614cd286531,10320810.0,57595223,1.2,0.0,f,CÁLCULO III,20171
REPROVADO,f6583697a09b47b512e75ab6a83c2950,10320810.0,57595223,4.3,2.0,t,CÁLCULO III,20171
REPROVADO,f6583697a09b47b512e75ab6a83c2950,10320810.0,57595223,4.3,2.0,f,CÁLCULO III,20171
REPROVADO,4390469b42288b640f3baa6405d452f5,10320810.0,57595223,3.3,0.0,f,CÁLCULO III,20171
APROVADO POR NOTA,3852b1579823aaa5827db4505f1a716d,10320810.0,57595223,6.5,0.0,f,CÁLCULO III,20171
APROVADO,b38b76b776f721732051ff63b652d4ce,10320810.0,57595223,7.2,0.0,f,CÁLCULO III,20171
APROVADO,398030aa4694cc1a0281de6978ab200f,10320810.0,57595223,8.2,0.0,f,CÁLCULO III,20171
REPROVADO,d603d8eb6bf2e9a13eaeb47e4b87fa3b,10320810.0,57595223,0.2,0.0,f,CÁLCULO III,20171
APROVADO,07247b060a60dae2988df503a8870ce2,10320810.0,57595223,7.5,0.0,f,CÁLCULO III,20171
REPROVADO,a433f9a93bfbe86aec10c23438992153,10320810.0,57595223,0.7,2.0,f,CÁLCULO III,20171
APROVADO POR NOTA,1f82ab03bb40e41aa514b7805db16c33,10320810.0,57595223,5.7,2.0,f,CÁLCULO III,20171
APROVADO POR NOTA,e2c5db99470d47ba7998c67c90c24fa9,10320810.0,57595223,6.7,0.0,f,CÁLCULO III,20171
APROVADO POR NOTA,e2c5db99470d47ba7998c67c90c24fa9,10320810.0,57595223,6.7,0.0,t,CÁLCULO III,20171
REPROVADO,87d1b51745c8195505095be319c6d711,10320810.0,57595223,0.7,0.0,f,CÁLCULO III,20171
APROVADO,0de9cdef3cf313b0bdb9821d8b6e3b03,10320810.0,57595223,7.7,0.0,f,CÁLCULO III,20171
APROVADO,ee842cf059f5abeb47ca0c8a3fd6372a,10320810.0,57595223,8.7,0.0,f,CÁLCULO III,20171
APROVADO,0aa36a4a5e6d5244792a017531f692d4,10320810.0,57595223,8.5,0.0,f,CÁLCULO III,20171
REPROVADO,f4d22eca27f92ce6eff8afae6ce24e6a,10320810.0,57595223,0.7,0.0,f,CÁLCULO III,20171
REPROVADO,0886525c341c06cd9ae7b65e1258aba4,10320810.0,57595223,2.5,0.0,f,CÁLCULO III,20171
REPROVADO,64cc6553ac0ce8ef2b5ddbe59ffaea9a,10320810.0,57595223,0.0,2.0,f,CÁLCULO III,20171
APROVADO POR NOTA,05913f3e3eada0da2bea7c94b9cbaa6c,10320810.0,57595223,6.5,0.0,f,CÁLCULO III,20171
APROVADO,c58363ef7573e16bca843681d875fcff,10320810.0,57595223,7.5,0.0,f,CÁLCULO III,20171
APROVADO,4293a7b91a3677dd3e05972cbf7dd4c6,10320810.0,57595223,8.0,2.0,f,CÁLCULO III,20171
REPROVADO,72f06f7a16208e63ecbfc6dbd44c9953,10320810.0,57595223,0.0,0.0,f,CÁLCULO III,20171
APROVADO POR NOTA,528ebd5201a4889366726e4526a84cef,10320810.0,57595223,6.0,0.0,f,CÁLCULO III,20171
APROVADO POR NOTA,c92f4a3cd0664aa8b526c141cb602239,10320810.0,57595223,5.8,2.0,t,CÁLCULO III,20171
APROVADO POR NOTA,c92f4a3cd0664aa8b526c141cb602239,10320810.0,57595223,5.8,2.0,f,CÁLCULO III,20171
APROVADO POR NOTA,331ea28aa8980f53e13d93a741bb398c,10320810.0,57595223,5.2,2.0,f,CÁLCULO III,20171
APROVADO POR NOTA,331ea28aa8980f53e13d93a741bb398c,10320810.0,57595223,5.2,2.0,t,CÁLCULO III,20171
APROVADO POR NOTA,b799fbf8f68640f072456eec953f1934,10320810.0,57595223,5.2,0.0,f,CÁLCULO III,20171
REPROVADO,e1378fa0ac5c8e22007f81d9c9b37774,10320810.0,57595223,0.0,2.0,f,CÁLCULO III,20171
APROVADO POR NOTA,50bcb2d98fda6b459a9b4ea341edd46e,10320810.0,57595223,5.0,0.0,t,CÁLCULO III,20171
APROVADO POR NOTA,50bcb2d98fda6b459a9b4ea341edd46e,10320810.0,57595223,5.0,0.0,f,CÁLCULO III,20171
CANCELADO,206dfdddd046c69444a9f266b76d03aa,10320810.0,57595223,0.8,0.0,f,CÁLCULO III,20171
APROVADO POR NOTA,a090c8ade99a23797049621274b3fb91,10320810.0,57595223,6.8,0.0,f,CÁLCULO III,20171
APROVADO,e27ebf775b85dfcabfbfe3ff1c0fae34,10320810.0,57595223,7.0,2.0,f,CÁLCULO III,20171
APROVADO,9e84bf2c1f0f8a1e1b25cac063652fdb,10320810.0,57595223,7.7,0.0,f,CÁLCULO III,20171
APROVADO POR NOTA,d69c0c282caea1eec4e7c79f0bcdc697,10320810.0,57595223,5.0,2.0,f,CÁLCULO III,20171
APROVADO POR NOTA,d69c0c282caea1eec4e7c79f0bcdc697,10320810.0,57595223,5.0,2.0,t,CÁLCULO III,20171
APROVADO POR NOTA,1f057dd3f9cf553b74fda96df892b518,10320810.0,57595223,5.5,2.0,f,CÁLCULO III,20171
APROVADO POR NOTA,1f057dd3f9cf553b74fda96df892b518,10320810.0,57595223,5.5,2.0,t,CÁLCULO III,20171
REPROVADO,1769c39db0c0a517c44d65e33251aa6d,10320810.0,57595223,4.0,0.0,t,CÁLCULO III,20171
REPROVADO,1769c39db0c0a517c44d65e33251aa6d,10320810.0,57595223,4.0,0.0,f,CÁLCULO III,20171
APROVADO POR NOTA,095128596c4fe383ade6b4747b20b597,10320810.0,57595223,5.7,2.0,f,CÁLCULO III,20171
REPROVADO,390bf5a4d6786f9e925860a667a7545e,10320810.0,57595223,3.8,2.0,t,CÁLCULO III,20171
REPROVADO,390bf5a4d6786f9e925860a667a7545e,10320810.0,57595223,3.8,2.0,f,CÁLCULO III,20171
APROVADO,56d1fb4a110986f0319f96f33082bc1b,10320810.0,57595223,8.0,0.0,f,CÁLCULO III,20171
APROVADO POR NOTA,8d02c9ab5a0ac65cca1863e7207f034b,10320810.0,57595223,6.2,2.0,f,CÁLCULO III,20171
REPROVADO,90556de4fdb09b1ec37323ffa63d561e,10320810.0,57595223,0.7,2.0,f,CÁLCULO III,20171
APROVADO POR NOTA,10bdd4cf35cc9a74b0653122a067d694,10320810.0,57595223,5.0,2.0,t,CÁLCULO III,20171
APROVADO POR NOTA,10bdd4cf35cc9a74b0653122a067d694,10320810.0,57595223,5.0,2.0,f,CÁLCULO III,20171
REPROVADO,2e07ef60332bd7661f8f6b21f3cebfb0,10320810.0,57595223,1.0,0.0,f,CÁLCULO III,20171
REPROVADO,29e11c4aab91e82456d2228c967177d7,10320810.0,57595223,1.7,2.0,f,CÁLCULO III,20171
APROVADO POR NOTA,5e5fed5d5d8436ce4b23cbda76c2d52a,10320810.0,57595223,5.5,2.0,f,CÁLCULO III,20171
REPROVADO,81c3ca63c04ff0dcb35e5237887b612c,10320810.0,57595223,4.7,2.0,f,CÁLCULO III,20171
REPROVADO,81c3ca63c04ff0dcb35e5237887b612c,10320810.0,57595223,4.7,2.0,t,CÁLCULO III,20171
APROVADO POR NOTA,84a87a4d0a042c5ae5d4f222c9326b44,10320810.0,57595223,5.7,0.0,f,CÁLCULO III,20171
APROVADO,a72fe18ade5831f9f33fe523104406cd,10320810.0,57595223,8.7,2.0,f,CÁLCULO III,20171
APROVADO POR NOTA,597348a8f87ee0ccdeec748ff002a471,10320810.0,57595223,6.5,0.0,f,CÁLCULO III,20171
APROVADO,76ae867e6415a383e34fb128a0796d5d,10320810.0,57595223,8.0,0.0,f,CÁLCULO III,20171
APROVADO,76ae867e6415a383e34fb128a0796d5d,10320810.0,57595223,8.0,0.0,t,CÁLCULO III,20171
REPROVADO,417c45094242c12026d560435494c77a,10320810.0,57595223,0.0,0.0,f,CÁLCULO III,20171
APROVADO POR NOTA,3d8ff78b14b8f869a26cbaaa6e6e8a41,10320810.0,57595223,6.0,2.0,f,CÁLCULO III,20171
APROVADO POR NOTA,6f4271f55b7e4937de5b80f2b88d63f2,10320810.0,57595223,5.0,2.0,f,CÁLCULO III,20171
APROVADO,f30da01cb568be191426d9cd1e40743d,10320810.0,57595223,7.7,0.0,f,CÁLCULO III,20171
REPROVADO,c07f27dd1997e174aae4e884591cc816,10320810.0,57595223,1.2,0.0,f,CÁLCULO III,20171
APROVADO,2b626edc00f60ff81d70072fe8b8553c,10320810.0,57595223,7.3,0.0,f,CÁLCULO III,20171
REPROVADO,e533130178529c6a070bdc923c3c7046,10320810.0,57595223,1.7,0.0,f,CÁLCULO III,20171
APROVADO POR NOTA,a2ae7dc9912b92875ca68cabd081daea,10320810.0,57595223,5.0,0.0,f,CÁLCULO III,20171
APROVADO POR NOTA,a2ae7dc9912b92875ca68cabd081daea,10320810.0,57595223,5.0,0.0,t,CÁLCULO III,20171
APROVADO,1a5cd0f043906a906106f81a7e723e7c,10320810.0,57595223,7.7,0.0,f,CÁLCULO III,20171
REPROVADO,6e39d7e9bea879b0cec96723cdab97ea,10320810.0,57595223,0.5,0.0,f,CÁLCULO III,20171
REPROVADO,3ea0694db5f02a7615018427234b3e75,10320810.0,57595223,2.7,0.0,f,CÁLCULO III,20171
REPROVADO,69f43f9f967ba22614581cb2fbc73d88,10320810.0,57595223,0.0,0.0,f,CÁLCULO III,20171
APROVADO POR NOTA,a8db85c87824828332f619a921154d9a,10320810.0,57595223,5.8,0.0,f,CÁLCULO III,20171
APROVADO POR NOTA,a8db85c87824828332f619a921154d9a,10320810.0,57595223,5.8,0.0,t,CÁLCULO III,20171
APROVADO,26f0390863e95e46a88c755ee7c528a6,10320810.0,57595223,7.7,2.0,f,CÁLCULO III,20171
APROVADO POR NOTA,d092913c56d5c613f72d63a5a2810e5c,10320810.0,57595223,5.7,2.0,f,CÁLCULO III,20171
APROVADO POR NOTA,5242d01c0696549e80cd20af41ca5a2a,10320810.0,57595225,5.1,8.0,f,CÁLCULO III,20171
APROVADO POR NOTA,ec93663b3e10a628b7b3cf18b26e0304,10320810.0,57595225,5.0,8.0,t,CÁLCULO III,20171
APROVADO POR NOTA,ec93663b3e10a628b7b3cf18b26e0304,10320810.0,57595225,5.0,8.0,f,CÁLCULO III,20171
APROVADO,26fb9e0c65853ed67d6d75d383aebacf,10320810.0,57595225,7.2,16.0,f,CÁLCULO III,20171
APROVADO POR NOTA,c4aec360c879e96059f5662bc57791c2,10320810.0,57595225,6.8,6.0,f,CÁLCULO III,20171
APROVADO,8e1f00436a8723dc09a2fdfee27e361c,10320810.0,57595225,8.6,2.0,f,CÁLCULO III,20171
REPROVADO,bd823754a0f76477d9fec456911c5925,10320810.0,57595225,4.5,0.0,f,CÁLCULO III,20171
CANCELADO,385497c80c4bcd4875341a669b27fc42,10320810.0,57595225,0.2,42.0,f,CÁLCULO III,20171
APROVADO,5ed637617e7651a453bea5aa375ca551,10320810.0,57595225,8.4,6.0,f,CÁLCULO III,20171
APROVADO POR NOTA,3d8ec74d8d49ac4cc61a816640f53b44,10320810.0,57595225,6.3,8.0,f,CÁLCULO III,20171
REPROVADO POR MÉDIA E POR FALTAS,24bfc28658acf8888438d7bd734f4c17,10320810.0,57595225,0.0,46.0,f,CÁLCULO III,20171
REPROVADO,baa86f63b0d72a20a802051b66d65895,10320810.0,57595225,1.4,12.0,f,CÁLCULO III,20171
REPROVADO,e13b73283d82c791f427401098d4b13b,10320810.0,57595225,1.3,6.0,f,CÁLCULO III,20171
APROVADO POR NOTA,df4966f03140cf8f13436d11c9f3068e,10320810.0,57595225,6.7,4.0,f,CÁLCULO III,20171
APROVADO POR NOTA,e513c185e788dec85722a68362bf2fbf,10320810.0,57595225,5.5,6.0,t,CÁLCULO III,20171
APROVADO POR NOTA,e513c185e788dec85722a68362bf2fbf,10320810.0,57595225,5.5,6.0,f,CÁLCULO III,20171
APROVADO,ef7aab7521a3f9abfcd2026a65f99a84,10320810.0,57595225,8.7,0.0,f,CÁLCULO III,20171
REPROVADO,a1412fc6b3fc29909f80c0869c8eae6f,10320810.0,57595225,0.8,10.0,f,CÁLCULO III,20171
APROVADO,4f0070c024f4b8ce453e8b8512961028,10320810.0,57595225,9.0,6.0,f,CÁLCULO III,20171
REPROVADO,b4331d26d9d96234e3a3fdf34987618e,10320810.0,57595225,0.6,16.0,f,CÁLCULO III,20171
REPROVADO POR MÉDIA E POR FALTAS,0a17ebcf5ecc2df025f79b0f14191140,10320810.0,57595225,2.1,38.0,f,CÁLCULO III,20171
APROVADO POR NOTA,74e65a988b0694db78417be91f9e7780,10320810.0,57595225,6.1,4.0,f,CÁLCULO III,20171
REPROVADO,604fa928f12f0652b56d2ff5aafd4a86,10320810.0,57595225,1.9,4.0,f,CÁLCULO III,20171
APROVADO POR NOTA,239095e24669528e8bb12babde98c7aa,10320810.0,57595225,5.1,2.0,f,CÁLCULO III,20171
REPROVADO,fd3c2455801004c9fa9661bdcfafee73,10320810.0,57595225,0.4,6.0,f,CÁLCULO III,20171
REPROVADO,ffc4e95fb7f2cff6fee21767d81010a2,10320810.0,57595225,0.3,12.0,f,CÁLCULO III,20171
APROVADO POR NOTA,b4b9a5de85aa3c661e0713b560c7a788,10320810.0,57595225,6.3,12.0,f,CÁLCULO III,20171
APROVADO POR NOTA,fb2bb596dec29994e1118b4ca97c8d97,10320810.0,57595225,5.6,4.0,f,CÁLCULO III,20171
REPROVADO POR MÉDIA E POR FALTAS,185ccde2e19d796310690ce099faf410,10320810.0,57595225,0.3,54.0,f,CÁLCULO III,20171
APROVADO,26f8624a065db34cd9580a44f8737a80,10320810.0,57595225,8.3,10.0,f,CÁLCULO III,20171
APROVADO,a60fbadb0f4c7c189ed8f72348069bba,10320810.0,57595225,7.5,4.0,f,CÁLCULO III,20171
REPROVADO POR MÉDIA E POR FALTAS,cdcf68bf5c67381a8cfb98b6b4d5e03d,10320810.0,57595225,1.5,18.0,f,CÁLCULO III,20171
REPROVADO,0b6f16f3e2163563649d5f66cb2a4168,10320810.0,57595225,1.4,14.0,f,CÁLCULO III,20171
APROVADO POR NOTA,ee8e4404684b3f93bf91c84604aad21a,10320810.0,57595225,5.4,10.0,f,CÁLCULO III,20171
APROVADO POR NOTA,016e08499aa227b0ee97167dcb41a8d9,10320810.0,57595225,5.5,16.0,f,CÁLCULO III,20171
APROVADO POR NOTA,3dd15950be391bc603ce7c013994dcef,10320810.0,57595225,5.8,0.0,f,CÁLCULO III,20171
APROVADO,cdff08d015a985d063642a72c1e7b9d0,10320810.0,57595225,8.2,6.0,f,CÁLCULO III,20171
REPROVADO,68e9f1efcf62450334452b191596db9d,10320810.0,57595225,3.3,6.0,f,CÁLCULO III,20171
APROVADO POR NOTA,be4cc182ab5024cf287d3b4597a2b385,10320810.0,57595225,5.8,2.0,f,CÁLCULO III,20171
APROVADO POR NOTA,0a530bde08352201dd28a3618064b62d,10320810.0,57595225,5.3,16.0,f,CÁLCULO III,20171
APROVADO POR NOTA,0a530bde08352201dd28a3618064b62d,10320810.0,57595225,5.3,16.0,t,CÁLCULO III,20171
REPROVADO POR MÉDIA E POR FALTAS,2c6c456672492d4570b7878e573b8f24,10320810.0,57595225,0.9,24.0,f,CÁLCULO III,20171
REPROVADO POR MÉDIA E POR FALTAS,addaed5c3f673907d4f29c580f882968,10320810.0,57595225,0.5,40.0,f,CÁLCULO III,20171
APROVADO POR NOTA,d0c55701ba1b4fd028b93589dabb21fb,10320810.0,57595225,6.1,4.0,f,CÁLCULO III,20171
CANCELADO,857b058fc921956e8f3f005cca7b6a71,10320810.0,57595225,0.0,44.0,f,CÁLCULO III,20171
APROVADO,bab383ee1f8e4cc8735c54fbecb5f0d8,10320810.0,57595225,7.4,6.0,f,CÁLCULO III,20171
APROVADO POR NOTA,6f5402a4cf035b12f2f9187927372b70,10320810.0,57595225,6.7,8.0,f,CÁLCULO III,20171
APROVADO POR NOTA,6f5402a4cf035b12f2f9187927372b70,10320810.0,57595225,6.7,8.0,t,CÁLCULO III,20171
APROVADO POR NOTA,7c8f1b6125065895a11a20f97146824d,10320810.0,57595225,5.0,10.0,f,CÁLCULO III,20171
APROVADO POR NOTA,7c8f1b6125065895a11a20f97146824d,10320810.0,57595225,5.0,10.0,t,CÁLCULO III,20171
REPROVADO,35edda4ee7ecf7f73de13defbc77c251,10320810.0,57595225,4.2,0.0,t,CÁLCULO III,20171
REPROVADO,35edda4ee7ecf7f73de13defbc77c251,10320810.0,57595225,4.2,0.0,f,CÁLCULO III,20171
APROVADO POR NOTA,da29430c773a4daeac00894b19acd042,10320810.0,57595225,5.7,10.0,f,CÁLCULO III,20171
APROVADO POR NOTA,d9e874a34a60b20575610fc0e83eeaa8,10320810.0,57595225,6.8,6.0,f,CÁLCULO III,20171
REPROVADO,eb07195242343b04d76b86203446ad9c,10320810.0,57595225,3.9,12.0,f,CÁLCULO III,20171
REPROVADO POR MÉDIA E POR FALTAS,b1c61d219ad1ce7f3db3e45c308a4d8f,10320810.0,57595225,0.5,52.0,f,CÁLCULO III,20171
REPROVADO,5b6dd88c5053f46d184ceecbf4cff2d2,10320810.0,57595225,1.0,2.0,f,CÁLCULO III,20171
REPROVADO POR MÉDIA E POR FALTAS,08f55a0b68dfecffa8d9add360ef7d10,10320810.0,57595225,2.8,36.0,f,CÁLCULO III,20171
APROVADO POR NOTA,42c384f00d065e92e882e819b3ff7257,10320810.0,57595225,5.0,14.0,f,CÁLCULO III,20171
APROVADO,dccc419b28647ae736a663837880b5d5,10320810.0,57595225,8.6,0.0,f,CÁLCULO III,20171
APROVADO POR NOTA,48653582f50babfbb88916e9d2f75b48,10320810.0,57595225,6.0,4.0,f,CÁLCULO III,20171
APROVADO POR NOTA,1941dff6923a4f2b87f2b9d59e0b8f20,10320810.0,57595225,6.1,2.0,f,CÁLCULO III,20171
REPROVADO,ce429af010f34fe749b76a5936561b26,10320810.0,57595225,3.2,2.0,f,CÁLCULO III,20171
REPROVADO,ce429af010f34fe749b76a5936561b26,10320810.0,57595225,3.2,2.0,t,CÁLCULO III,20171
APROVADO,840d69bdea1e8e8e7fa717a17136f377,10320810.0,57595225,8.6,2.0,f,CÁLCULO III,20171
REPROVADO,06de2c8d820d0f3ab9eeca7d4eec936f,10320810.0,57595225,1.9,10.0,f,CÁLCULO III,20171
APROVADO POR NOTA,12329d78871c86e6a27ccc3822b5cd58,10320810.0,57595225,5.0,6.0,t,CÁLCULO III,20171
APROVADO POR NOTA,12329d78871c86e6a27ccc3822b5cd58,10320810.0,57595225,5.0,6.0,f,CÁLCULO III,20171
REPROVADO POR MÉDIA E POR FALTAS,3c7671bfd1bbf8b65842c600aa61bd0a,10320810.0,57595225,0.0,42.0,f,CÁLCULO III,20171
APROVADO,c4c17cc4d891aba602e18296c4cf5cb9,10320810.0,57595225,8.1,2.0,f,CÁLCULO III,20171
APROVADO POR NOTA,dec9c682daeabb1e83990ba6fbf5a005,10320810.0,57595225,5.0,16.0,f,CÁLCULO III,20171
APROVADO POR NOTA,dec9c682daeabb1e83990ba6fbf5a005,10320810.0,57595225,5.0,16.0,t,CÁLCULO III,20171
APROVADO,b3312612bcfd3eb15a19ec454f7e639d,10320810.0,57595225,7.6,2.0,f,CÁLCULO III,20171
APROVADO,a3e4ed3715cf8cc10bf8b30b8f086593,10320810.0,57595225,8.3,0.0,f,CÁLCULO III,20171
REPROVADO POR MÉDIA E POR FALTAS,fa1de8eb4e32a85e5a338ae13e192b50,10320810.0,57595225,0.0,36.0,f,CÁLCULO III,20171
APROVADO,cdd2c2ecfdb3e56cc65d3b93b00fe52e,10320810.0,57595225,7.1,12.0,f,CÁLCULO III,20171
REPROVADO,1ac07c4943b2c1eae13950fc75aa4bc3,10320810.0,57595225,0.8,4.0,f,CÁLCULO III,20171
APROVADO,637b691259fc43ced8046129c287325a,10320810.0,57595225,9.2,6.0,f,CÁLCULO III,20171
REPROVADO,83adb0d6a1a0480844c73b1c9b44b559,10320810.0,57595225,1.8,12.0,f,CÁLCULO III,20171
REPROVADO POR MÉDIA E POR FALTAS,5653835d930a4174b0123596cea2bfd8,10320810.0,57595225,1.7,18.0,f,CÁLCULO III,20171
REPROVADO POR MÉDIA E POR FALTAS,a658338e34ddaa5875747f36c334a1bb,10320810.0,57595225,1.0,18.0,f,CÁLCULO III,20171
APROVADO POR NOTA,710e92eed35318e63382c4c2285995f5,10320810.0,57595225,6.0,6.0,f,CÁLCULO III,20171
REPROVADO POR MÉDIA E POR FALTAS,21a4bbfa3327924168c6bab41d12bbac,10320810.0,57595225,0.0,62.0,f,CÁLCULO III,20171
APROVADO,bbe6a0006d9d6e6bdc4f9c014b7bafc0,10320810.0,57595225,7.4,0.0,f,CÁLCULO III,20171
REPROVADO POR MÉDIA E POR FALTAS,cf6fe48dd453d5e58c8a148227ccbe4f,10320810.0,57595225,0.2,24.0,f,CÁLCULO III,20171
APROVADO POR NOTA,be471342efb1db07e299458569ea256a,10320810.0,57595226,6.0,0.0,f,CÁLCULO III,20171
APROVADO POR NOTA,be471342efb1db07e299458569ea256a,10320810.0,57595226,6.0,0.0,t,CÁLCULO III,20171
REPROVADO,3fc34c7ab6e41f023b12ee490e569014,10320810.0,57595226,0.0,2.0,f,CÁLCULO III,20171
APROVADO POR NOTA,2b556bdd9a4794aac86636c48cf0c0b2,10320810.0,57595226,5.7,2.0,f,CÁLCULO III,20171
CANCELADO,0be79f7cc502134dce2a5f3159d3c7d9,10320810.0,57595226,0.0,2.0,f,CÁLCULO III,20171
CANCELADO,4e7f64d5fd683f04d6c36b028069b9bd,10320810.0,57595226,1.3,2.0,f,CÁLCULO III,20171
APROVADO POR NOTA,0c206ee39ec49c7236ea1777d64f7a34,10320810.0,57595226,5.7,2.0,f,CÁLCULO III,20171
APROVADO POR NOTA,0c206ee39ec49c7236ea1777d64f7a34,10320810.0,57595226,5.7,2.0,t,CÁLCULO III,20171
REPROVADO,1f9e24716dbc44ccb5c58e2eb83c9e98,10320810.0,57595226,0.5,2.0,f,CÁLCULO III,20171
REPROVADO,e7f6da1743a3ad5fec079580d02abaa0,10320810.0,57595226,2.0,2.0,f,CÁLCULO III,20171
REPROVADO,9772c149bd73a06d3491a55ca49855bc,10320810.0,57595226,0.3,0.0,f,CÁLCULO III,20171
APROVADO POR NOTA,ea200f304e8f0709e0481f1d035ab919,10320810.0,57595226,5.7,0.0,f,CÁLCULO III,20171
REPROVADO,8a7a2cc087c41318fee8aa151f051a2b,10320810.0,57595226,0.0,2.0,f,CÁLCULO III,20171
APROVADO POR NOTA,71d3a58ec8c9df656ed01ccaeb7fb0d7,10320810.0,57595226,5.0,2.0,t,CÁLCULO III,20171
APROVADO POR NOTA,71d3a58ec8c9df656ed01ccaeb7fb0d7,10320810.0,57595226,5.0,2.0,f,CÁLCULO III,20171
APROVADO POR NOTA,4eb15d6990e8fa75ea5431b1f2798564,10320810.0,57595226,5.5,0.0,f,CÁLCULO III,20171
REPROVADO,ccfa17ef9b166f92143864a61d75d538,10320810.0,57595226,4.5,0.0,f,CÁLCULO III,20171
REPROVADO,ccfa17ef9b166f92143864a61d75d538,10320810.0,57595226,4.5,0.0,t,CÁLCULO III,20171
APROVADO POR NOTA,dd54c59c7b6a2990a91fccf473cdb8c7,10320810.0,57595226,5.0,0.0,f,CÁLCULO III,20171
APROVADO POR NOTA,fa00a633c19c2015bd59d74b24407075,10320810.0,57595226,5.5,0.0,f,CÁLCULO III,20171
REPROVADO,9017c92029e2fdd9dfcb0c08ba85eb45,10320810.0,57595226,1.0,2.0,f,CÁLCULO III,20171
REPROVADO,d8243b81383dd60e040409fbc4e945ba,10320810.0,57595226,1.5,0.0,f,CÁLCULO III,20171
APROVADO POR NOTA,969d77b5a4ec8f88e9250c2af5b15130,10320810.0,57595226,6.5,0.0,f,CÁLCULO III,20171
APROVADO POR NOTA,969d77b5a4ec8f88e9250c2af5b15130,10320810.0,57595226,6.5,0.0,t,CÁLCULO III,20171
REPROVADO,dee039f41f5cd28062a27e68d96bde5f,10320810.0,57595226,4.2,0.0,f,CÁLCULO III,20171
REPROVADO,dee039f41f5cd28062a27e68d96bde5f,10320810.0,57595226,4.2,0.0,t,CÁLCULO III,20171
REPROVADO,99306902d4d68410130fb7e67f1a7557,10320810.0,57595226,0.2,2.0,f,CÁLCULO III,20171
REPROVADO,da250571008ad8f1b16a05aebdf12e78,10320810.0,57595226,2.2,0.0,f,CÁLCULO III,20171
REPROVADO,079853ac38ea7ebca56cc5cdbfb19b6e,10320810.0,57595226,0.0,2.0,f,CÁLCULO III,20171
REPROVADO,9e11ca1384cff795ec1af0b46f1d40df,10320810.0,57595226,1.0,2.0,f,CÁLCULO III,20171
REPROVADO,88864307748a9d6a1e8af90493d395ac,10320810.0,57595226,1.0,2.0,f,CÁLCULO III,20171
REPROVADO,a60128a747150d24b915d5b03eeb1e54,10320810.0,57595226,4.0,2.0,f,CÁLCULO III,20171
REPROVADO,a60128a747150d24b915d5b03eeb1e54,10320810.0,57595226,4.0,2.0,t,CÁLCULO III,20171
REPROVADO,4daec9fa8765ae2422caac52a513c41e,10320810.0,57595226,1.5,2.0,f,CÁLCULO III,20171
REPROVADO,48dced5e1e6b47ed495161f5956dea7d,10320810.0,57595226,0.5,2.0,f,CÁLCULO III,20171
APROVADO POR NOTA,f6216f182a2340b984c1c2e3a95d2dc6,10320810.0,57595226,6.5,0.0,f,CÁLCULO III,20171
APROVADO POR NOTA,f6216f182a2340b984c1c2e3a95d2dc6,10320810.0,57595226,6.5,0.0,t,CÁLCULO III,20171
APROVADO,78755592658fae7a68f33b1916477c5b,10320810.0,57595226,8.0,2.0,f,CÁLCULO III,20171
REPROVADO,355be524f726b88f495a3c25bf94350d,10320810.0,57595226,0.3,0.0,f,CÁLCULO III,20171
REPROVADO,32c39d700eccd4f3882d1df8eb361157,10320810.0,57595226,1.7,2.0,f,CÁLCULO III,20171
REPROVADO,52275ccb54165b3ff248cd5250f2a507,10320810.0,57595226,0.8,0.0,f,CÁLCULO III,20171
REPROVADO,d6ba021ac23da14e2d6d55a52866c110,10320810.0,57595226,0.7,2.0,f,CÁLCULO III,20171
REPROVADO,956ea784c24907c33ab9223a86077c30,10320810.0,57595226,4.5,0.0,f,CÁLCULO III,20171
REPROVADO,956ea784c24907c33ab9223a86077c30,10320810.0,57595226,4.5,0.0,t,CÁLCULO III,20171
APROVADO POR NOTA,292c4b131041ef8485e441a6751db497,10320810.0,57595226,6.3,0.0,f,CÁLCULO III,20171
REPROVADO,3325a71bd1f3d1d703c154ead2b03faf,10320810.0,57595226,0.3,2.0,f,CÁLCULO III,20171
REPROVADO,244b4f98d5b5b7c90b5c9279f2022996,10320810.0,57595226,1.0,0.0,f,CÁLCULO III,20171
REPROVADO,06b5f4fc6853fad74d97f040f0072137,10320810.0,57595226,0.0,2.0,f,CÁLCULO III,20171
REPROVADO,a4f155a4817c76789d205bb78ec71168,10320810.0,57595226,4.5,2.0,f,CÁLCULO III,20171
REPROVADO,a4f155a4817c76789d205bb78ec71168,10320810.0,57595226,4.5,2.0,t,CÁLCULO III,20171
REPROVADO,99533bc809b7dd65b4f6c7688d0b5fd1,10320810.0,57595226,0.7,0.0,f,CÁLCULO III,20171
REPROVADO,5d54909fad2a8f3bba766e6dda80607b,10320810.0,57595226,0.0,2.0,f,CÁLCULO III,20171
REPROVADO POR MÉDIA E POR FALTAS,bf87948923b824631975b241a705e69b,10320810.0,57595227,0.2,44.0,f,CÁLCULO III,20171
APROVADO POR NOTA,173ff04b3cd89bc1d7b428dc698351f1,10320810.0,57595227,5.2,4.0,f,CÁLCULO III,20171
APROVADO,2f488ba0378e2feaff3fdc2827b37234,10320810.0,57595227,8.5,0.0,f,CÁLCULO III,20171
APROVADO POR NOTA,5dba5d80c690b8139383f8ccbf12507e,10320810.0,57595227,5.4,8.0,f,CÁLCULO III,20171
APROVADO POR NOTA,69dfb67ae09c38714d12bf83d7ae2f0f,10320810.0,57595227,5.0,15.0,f,CÁLCULO III,20171
APROVADO POR NOTA,c1b1fcdda0394117afddd1694c40f6df,10320810.0,57595227,5.8,8.0,f,CÁLCULO III,20171
APROVADO POR NOTA,c1b1fcdda0394117afddd1694c40f6df,10320810.0,57595227,5.8,8.0,t,CÁLCULO III,20171
REPROVADO,f163cfc441f5b201ad30a8b1ceef9fcc,10320810.0,57595227,1.3,16.0,f,CÁLCULO III,20171
APROVADO POR NOTA,51a7af5a8d4567b88980611d329328a2,10320810.0,57595227,5.8,2.0,f,CÁLCULO III,20171
APROVADO POR NOTA,c6baf0b127463c84a6b4b1884ffd81ad,10320810.0,57595227,6.3,4.0,f,CÁLCULO III,20171
CANCELADO,84fdaa4fdde6566e26dfa1668a4cebfd,10320810.0,57595227,1.2,24.0,f,CÁLCULO III,20171
CANCELADO,74ce90e6f15cfeffa150097e95f20d16,10320810.0,57595227,0.7,16.0,f,CÁLCULO III,20171
CANCELADO,fe987f2702dc8b51d754e8915f73b5fc,10320810.0,57595227,2.3,0.0,f,CÁLCULO III,20171
CANCELADO,4baa48fe05d3f892439976ca2064b1ff,10320810.0,57595227,0.0,46.0,f,CÁLCULO III,20171
CANCELADO,7b3beb42e48c047ef212662ccb5a2d66,10320810.0,57595227,1.7,24.0,f,CÁLCULO III,20171
CANCELADO,050f40060475eea7ed047cdaf4620ec8,10320810.0,57595227,0.0,36.0,f,CÁLCULO III,20171
REPROVADO POR MÉDIA E POR FALTAS,59ea6502b6bae787b6e78bbb8e4440b8,10320810.0,57595227,0.0,24.0,f,CÁLCULO III,20171
APROVADO POR NOTA,da927e76110ada3551e0c16f038be9ee,10320810.0,57595227,5.3,4.0,f,CÁLCULO III,20171
REPROVADO POR MÉDIA E POR FALTAS,a56deffc44ceca8e9ff89b39c9109a66,10320810.0,57595227,1.3,30.0,f,CÁLCULO III,20171
REPROVADO POR MÉDIA E POR FALTAS,39c142d962c7fec74387c97f8f3b1bf4,10320810.0,57595227,0.0,28.0,f,CÁLCULO III,20171
REPROVADO POR MÉDIA E POR FALTAS,7b99e9744a170225dd1d925b558377de,10320810.0,57595227,2.8,28.0,f,CÁLCULO III,20171
REPROVADO POR MÉDIA E POR FALTAS,86636fec7bfaf363d2da9de5cc785ad1,10320810.0,57595227,0.0,52.0,f,CÁLCULO III,20171
APROVADO POR NOTA,e0830e6363b8c6a692d3aea55eab73c1,10320810.0,57595227,5.3,2.0,t,CÁLCULO III,20171
APROVADO POR NOTA,e0830e6363b8c6a692d3aea55eab73c1,10320810.0,57595227,5.3,2.0,f,CÁLCULO III,20171
APROVADO POR NOTA,ae77d0fe20450287d88ee3a2eabd0934,10320810.0,57595227,5.5,12.0,f,CÁLCULO III,20171
APROVADO POR NOTA,ae77d0fe20450287d88ee3a2eabd0934,10320810.0,57595227,5.5,12.0,t,CÁLCULO III,20171
APROVADO POR NOTA,2872a0a725c43bdff2e736288ca4b7bc,10320810.0,57595227,5.1,8.0,f,CÁLCULO III,20171
APROVADO POR NOTA,2872a0a725c43bdff2e736288ca4b7bc,10320810.0,57595227,5.1,8.0,t,CÁLCULO III,20171
REPROVADO POR MÉDIA E POR FALTAS,c119d334d6c55121d48dc7f5d43bbe1f,10320810.0,57595227,3.7,18.0,f,CÁLCULO III,20171
APROVADO POR NOTA,1b56b5e6413893bbdbdc3e985181d16c,10320810.0,57595227,5.9,8.0,f,CÁLCULO III,20171
REPROVADO,9175bc9f7cd0a4f1f427291f9d185a73,10320810.0,57595227,2.2,0.0,f,CÁLCULO III,20171
REPROVADO,ec6e87ad0200784564051727ff0fba9a,10320810.0,57595227,1.2,14.0,f,CÁLCULO III,20171
REPROVADO POR MÉDIA E POR FALTAS,5d9451d18e612dd2cf72630622a2091b,10320810.0,57595227,1.8,26.0,f,CÁLCULO III,20171
REPROVADO,86d294b9979afdb118c53d65eb5566d2,10320810.0,57595227,0.5,10.0,f,CÁLCULO III,20171
REPROVADO POR MÉDIA E POR FALTAS,489b8622694351f39786dcee9356f657,10320810.0,57595227,0.7,18.0,f,CÁLCULO III,20171
REPROVADO POR MÉDIA E POR FALTAS,f17bb29f4b6cb94ed9f8ccfb5c3760c2,10320810.0,57595227,0.5,26.0,f,CÁLCULO III,20171
REPROVADO,54c638989c2444abbbbfe98fa078915d,10320810.0,57595227,2.9,4.0,f,CÁLCULO III,20171
REPROVADO,fff8c402febf8217f10b5c1e57dfb522,10320810.0,57595227,4.2,4.0,f,CÁLCULO III,20171
REPROVADO,fff8c402febf8217f10b5c1e57dfb522,10320810.0,57595227,4.2,4.0,t,CÁLCULO III,20171
REPROVADO,163e3a79d64656ae9744164dc019805c,10320810.0,57595227,0.7,16.0,f,CÁLCULO III,20171
REPROVADO,eb2ea0cb251e4f99839d94a2c0391a0e,10320810.0,57595227,1.5,14.0,f,CÁLCULO III,20171
REPROVADO,4557307c81e33711da7691f53f2b465c,10320810.0,57595227,3.7,6.0,f,CÁLCULO III,20171
REPROVADO POR MÉDIA E POR FALTAS,db0bdf2f513d021f8a4a8c8aef70cc1f,10320810.0,57595227,2.8,18.0,f,CÁLCULO III,20171
REPROVADO,92ffa8c4cdf4fbccb6797a7befaf8c88,10320810.0,57595227,2.2,16.0,f,CÁLCULO III,20171
CANCELADO,4a7263ce7d652c3dbc0ac9558d0bb0b0,10320810.0,57595227,4.1,20.0,f,CÁLCULO III,20171
APROVADO POR NOTA,2a5c498bcee82228f655796fc5eeb050,10320810.0,57595227,6.0,4.0,f,CÁLCULO III,20171
REPROVADO,824b3962a97494d3b75a1b4f63149b66,10320810.0,57595227,3.8,10.0,t,CÁLCULO III,20171
REPROVADO,824b3962a97494d3b75a1b4f63149b66,10320810.0,57595227,3.8,10.0,f,CÁLCULO III,20171
REPROVADO,d97d8dd25b752b68d606a92e85e2dcd7,10320810.0,57595227,3.0,12.0,f,CÁLCULO III,20171
CANCELADO,35beed8b33d7c7f9e815fe04e478a82f,10320810.0,57595227,0.7,12.0,f,CÁLCULO III,20171
CANCELADO,89796402382a66ef9631b0445a744d9d,10320810.0,57595227,1.3,24.0,f,CÁLCULO III,20171
REPROVADO POR MÉDIA E POR FALTAS,a1c633b6621eec45183e82fbc5c286c3,10320810.0,57595227,0.0,32.0,f,CÁLCULO III,20171
APROVADO POR NOTA,65638842a56d6e628654ce389b34002b,10320810.0,57595227,6.8,0.0,f,CÁLCULO III,20171
APROVADO POR NOTA,33718f1ed843e3249c67e3da9dcc0c6e,10320810.0,57595227,5.8,15.0,f,CÁLCULO III,20171
APROVADO POR NOTA,0e549206fa4107d662affa5ae9badaa3,10320810.0,57595227,5.2,8.0,f,CÁLCULO III,20171
APROVADO POR NOTA,754b5025144a4ecb130cd178966c5e70,10320810.0,57595227,5.0,12.0,f,CÁLCULO III,20171
CANCELADO,b4c0c1aaea9f5cc6f17c456a47baedf3,10320810.0,57595227,0.7,14.0,f,CÁLCULO III,20171
REPROVADO,924a8972db2f0dfe6117c2a04cc197b6,10320810.0,57595227,4.6,8.0,t,CÁLCULO III,20171
REPROVADO,924a8972db2f0dfe6117c2a04cc197b6,10320810.0,57595227,4.6,8.0,f,CÁLCULO III,20171
REPROVADO,7e7656960a4eca38270d5caff8436cfd,10320810.0,57595227,2.3,6.0,f,CÁLCULO III,20171
CANCELADO,37e1bbca9fd7511f9e67979487b2fabd,10320810.0,57595227,0.2,22.0,f,CÁLCULO III,20171
CANCELADO,d1767e95b12bf9d41d1f8c1c75c2c05b,10320810.0,57595227,0.0,46.0,f,CÁLCULO III,20171
REPROVADO POR MÉDIA E POR FALTAS,b71c84a701671fd652877a529ab8cb5d,10320810.0,57595227,1.5,28.0,f,CÁLCULO III,20171
REPROVADO,129e1c04f5315c5987560ea8f4219a5e,10320810.0,57595227,1.9,14.0,f,CÁLCULO III,20171
REPROVADO,eab26338062fac246f89eda5525fe8a2,10320810.0,57595227,3.3,2.0,f,CÁLCULO III,20171
REPROVADO POR MÉDIA E POR FALTAS,43d60e22bf4aee0f4a31d2b85fac1f9a,10320810.0,57595227,0.0,50.0,f,CÁLCULO III,20171
REPROVADO,94a7aaef1a6573c4fc078e207c17c8f1,10320810.0,57595227,2.9,12.0,f,CÁLCULO III,20171
REPROVADO POR MÉDIA E POR FALTAS,8dd26304dbf028611eeb5d8e1ce445cd,10320810.0,57595227,0.2,28.0,f,CÁLCULO III,20171
REPROVADO POR MÉDIA E POR FALTAS,def32270e69f5c04f3bd60740964cdd5,10320810.0,57595227,0.0,38.0,f,CÁLCULO III,20171
REPROVADO,a43c3495d397dcb48bbbe6ae6cd8b285,10320810.0,57595227,2.8,4.0,f,CÁLCULO III,20171
REPROVADO,b3141ec4bbcb82a33da7c7d9c73a691f,10320810.0,57595227,2.8,12.0,f,CÁLCULO III,20171
REPROVADO,52571f60862a524332a2366cb7c9a5a5,10320810.0,57595227,0.5,10.0,f,CÁLCULO III,20171
REPROVADO POR MÉDIA E POR FALTAS,89cceaaa1bff1c0217a3b94390ceee1c,10320810.0,57595227,1.3,32.0,f,CÁLCULO III,20171
REPROVADO,e20bfce3b9490e299a84ffc7ae80f237,10320810.0,57595227,3.7,8.0,f,CÁLCULO III,20171
REPROVADO,d3c9e061f830028b2bea7f62706ea909,10320810.0,57595227,1.3,12.0,f,CÁLCULO III,20171
REPROVADO POR MÉDIA E POR FALTAS,7d3aa821e2b10ca49f66bd4e6e995109,10320810.0,57595227,1.2,26.0,f,CÁLCULO III,20171
REPROVADO POR MÉDIA E POR FALTAS,2e299cb43ef35476fec342f21385859c,10320810.0,57595227,1.2,34.0,f,CÁLCULO III,20171
REPROVADO,664eec79dfeca82fde355caa1c0bb973,10320810.0,57595227,2.3,10.0,f,CÁLCULO III,20171
REPROVADO POR MÉDIA E POR FALTAS,ada198a34179a3c3f394255770a2cf14,10320810.0,57595227,0.7,20.0,f,CÁLCULO III,20171
APROVADO POR NOTA,631c95a0947ee2a12012c48ee72ff588,10320810.0,57595227,5.0,15.0,f,CÁLCULO III,20171
REPROVADO,fab2e597edaf161c330f4470c3da3149,10320810.0,57595227,2.3,0.0,f,CÁLCULO III,20171
REPROVADO POR MÉDIA E POR FALTAS,14d4f5c2147d37ff5c3426c538e5d19e,10320810.0,57595227,3.4,22.0,f,CÁLCULO III,20171
REPROVADO POR MÉDIA E POR FALTAS,14f830d8ca4fb20e198967c6dd108d4c,10320810.0,57595227,0.0,36.0,f,CÁLCULO III,20171
REPROVADO,62d42ff82eb6ed1aa9c09aaef46d8ba3,10320810.0,57595227,2.3,2.0,f,CÁLCULO III,20171
REPROVADO,ee461fdd98bc196f2d0d2c904b631641,10320810.0,57595227,3.2,0.0,f,CÁLCULO III,20171
REPROVADO,7efb0dca87b5ea4dd18d26858c529ec8,10320810.0,57595227,1.1,8.0,f,CÁLCULO III,20171
REPROVADO POR MÉDIA E POR FALTAS,39d109d62b06f7596cc83cc5c03a3625,10320810.0,57595227,0.0,44.0,f,CÁLCULO III,20171
APROVADO POR NOTA,6baea6ba872012f7bd96dbd5c6099b2b,10320810.0,57595227,5.2,4.0,f,CÁLCULO III,20171
APROVADO POR NOTA,6baea6ba872012f7bd96dbd5c6099b2b,10320810.0,57595227,5.2,4.0,t,CÁLCULO III,20171
APROVADO POR NOTA,63c33a0a09fbeacbc5b36f71a78f1607,10320810.0,57595227,6.1,0.0,f,CÁLCULO III,20171
REPROVADO POR MÉDIA E POR FALTAS,5fdeb2ce24337c2d0eb8ec175c9ed24b,10320810.0,57595227,0.8,18.0,f,CÁLCULO III,20171
REPROVADO POR MÉDIA E POR FALTAS,f1b03afbbf22b23fc18e78596665cab2,10320810.0,57595227,2.0,40.0,f,CÁLCULO III,20171
REPROVADO POR MÉDIA E POR FALTAS,88c328c3baabafcac301115230e71d5d,10320810.0,57595227,1.3,22.0,f,CÁLCULO III,20171
REPROVADO,ab8ddb2cdf6db575e7e633886c0e053e,10320810.0,57595227,0.6,2.0,f,CÁLCULO III,20171
REPROVADO,ffeafa5170c693e31a4e8da4cae42313,10320810.0,57595227,0.0,14.0,f,CÁLCULO III,20171
REPROVADO,55229fa3f8ad73c3f9d424d1e01fe09d,10320810.0,57595227,4.8,16.0,f,CÁLCULO III,20171
REPROVADO,bdb14f0c3b09bee882e19280d95f4fa0,10320810.0,57595227,2.2,8.0,f,CÁLCULO III,20171
REPROVADO POR MÉDIA E POR FALTAS,0636673007bad704d273171e6ca7c332,10320810.0,57595227,0.2,18.0,f,CÁLCULO III,20171
REPROVADO,facf0297afeda6ab03efe2d40353fb33,10320810.0,57595227,2.2,2.0,f,CÁLCULO III,20171
APROVADO POR NOTA,db163efd0f7579005410afeb1a60bdd9,10320810.0,57595228,5.3,6.0,f,CÁLCULO III,20171
APROVADO POR NOTA,8e076aeb6c86c223f90fc81ff848564e,10320810.0,57595228,5.7,12.0,t,CÁLCULO III,20171
APROVADO POR NOTA,8e076aeb6c86c223f90fc81ff848564e,10320810.0,57595228,5.7,12.0,f,CÁLCULO III,20171
APROVADO POR NOTA,28712cd653dc653b2727e35bc529d6aa,10320810.0,57595228,5.5,8.0,f,CÁLCULO III,20171
APROVADO POR NOTA,28712cd653dc653b2727e35bc529d6aa,10320810.0,57595228,5.5,8.0,t,CÁLCULO III,20171
REPROVADO,1c3190cc5093b9c45eead77a92472d95,10320810.0,57595228,3.2,2.0,f,CÁLCULO III,20171
APROVADO POR NOTA,71eeef6a85867448b8208deb3ca5559e,10320810.0,57595228,6.3,0.0,f,CÁLCULO III,20171
APROVADO POR NOTA,71eeef6a85867448b8208deb3ca5559e,10320810.0,57595228,6.3,0.0,t,CÁLCULO III,20171
APROVADO,eb8425b1d2c93bc3aff826c99c67867c,10320810.0,57595228,10.0,0.0,f,CÁLCULO III,20171
APROVADO POR NOTA,b3c87b8ccff0856f027ae0007853c9b7,10320810.0,57595228,5.2,4.0,t,CÁLCULO III,20171
APROVADO POR NOTA,b3c87b8ccff0856f027ae0007853c9b7,10320810.0,57595228,5.2,4.0,f,CÁLCULO III,20171
APROVADO POR NOTA,527a3a5a022b284c18b1acf13d4a8b7f,10320810.0,57595228,5.0,14.0,f,CÁLCULO III,20171
APROVADO POR NOTA,527a3a5a022b284c18b1acf13d4a8b7f,10320810.0,57595228,5.0,14.0,t,CÁLCULO III,20171
CANCELADO,616eebf42ace17364826dda4550febbd,10320810.0,57595228,3.8,18.0,f,CÁLCULO III,20171
APROVADO,82d271abd15fac86e282a48458e3d91f,10320810.0,57595228,8.5,10.0,f,CÁLCULO III,20171
APROVADO,9a21dec60cc631a518d0485e9e1dde6d,10320810.0,57595228,7.0,10.0,f,CÁLCULO III,20171
CANCELADO,5c881692a4d8e50d3ebd3df4b0481664,10320810.0,57595228,3.1,16.0,f,CÁLCULO III,20171
CANCELADO,b83737d51b0772e9d3bfe336cd379a55,10320810.0,57595228,1.1,28.0,f,CÁLCULO III,20171
CANCELADO,563568aa19698770e4ca2608da8aa61c,10320810.0,57595228,0.3,40.0,f,CÁLCULO III,20171
CANCELADO,793b8348ad15bf1e444cb9a4ad0814e4,10320810.0,57595228,2.7,12.0,f,CÁLCULO III,20171
APROVADO POR NOTA,014d0049a66c06dd7b4b97d25b5530c3,10320810.0,57595228,6.7,16.0,t,CÁLCULO III,20171
APROVADO POR NOTA,014d0049a66c06dd7b4b97d25b5530c3,10320810.0,57595228,6.7,16.0,f,CÁLCULO III,20171
REPROVADO,211804c056490a41b4f3fc17880abc99,10320810.0,57595228,1.0,2.0,f,CÁLCULO III,20171
APROVADO POR NOTA,d1b2eebf5d6c544bb2bcee0f2247424e,10320810.0,57595228,5.3,0.0,f,CÁLCULO III,20171
APROVADO POR NOTA,d1b2eebf5d6c544bb2bcee0f2247424e,10320810.0,57595228,5.3,0.0,t,CÁLCULO III,20171
APROVADO,1312acb2b589d20a5379275b52702ec3,10320810.0,57595228,8.8,12.0,f,CÁLCULO III,20171
APROVADO POR NOTA,034b98ad643d6b9e505ec8d1caba17da,10320810.0,57595228,6.3,4.0,f,CÁLCULO III,20171
APROVADO POR NOTA,9f1b8e9936569ebda4fcfd5f9cae8b47,10320810.0,57595228,5.2,16.0,t,CÁLCULO III,20171
APROVADO POR NOTA,9f1b8e9936569ebda4fcfd5f9cae8b47,10320810.0,57595228,5.2,16.0,f,CÁLCULO III,20171
APROVADO POR NOTA,2e324e7412805d260c747267ee052e6f,10320810.0,57595228,5.9,4.0,f,CÁLCULO III,20171
APROVADO POR NOTA,2e324e7412805d260c747267ee052e6f,10320810.0,57595228,5.9,4.0,t,CÁLCULO III,20171
REPROVADO,3446cf05d7adb4aacf73f901c0e422f6,10320810.0,57595228,3.0,4.0,f,CÁLCULO III,20171
REPROVADO POR MÉDIA E POR FALTAS,e1c9d013f7edf57d1d9c64808b88f61f,10320810.0,57595228,0.2,46.0,f,CÁLCULO III,20171
APROVADO,67a850f4542904b8cc0ea8b821ec4bd1,10320810.0,57595228,7.2,16.0,f,CÁLCULO III,20171
APROVADO,17e612de1877fdab3a66a8f11cdb0ed7,10320810.0,57595228,7.2,10.0,f,CÁLCULO III,20171
REPROVADO POR MÉDIA E POR FALTAS,f634af1ba449d98fdecf0cda430dc8c2,10320810.0,57595228,1.5,28.0,f,CÁLCULO III,20171
REPROVADO,b8456e714791d3c13c32d5ad7d785e95,10320810.0,57595228,1.8,8.0,f,CÁLCULO III,20171
REPROVADO POR MÉDIA E POR FALTAS,53e8c66f9f74fb161d6b56cf1f8e894c,10320810.0,57595228,1.0,30.0,f,CÁLCULO III,20171
REPROVADO POR NOTA,5c49877e1505553cc7e6a3f41dd4af02,10320810.0,57595228,5.0,12.0,f,CÁLCULO III,20171
REPROVADO POR MÉDIA E POR FALTAS,aae9fec5e0a3f8b98e5b0b5ebaf3e959,10320810.0,57595228,0.5,30.0,f,CÁLCULO III,20171
APROVADO POR NOTA,11bdf673a9bc8f37a06920e9ea63ce44,10320810.0,57595228,5.2,12.0,f,CÁLCULO III,20171
APROVADO POR NOTA,b869b69a6d126ed41241510fa1350750,10320810.0,57595228,5.3,14.0,f,CÁLCULO III,20171
APROVADO POR NOTA,b869b69a6d126ed41241510fa1350750,10320810.0,57595228,5.3,14.0,t,CÁLCULO III,20171
APROVADO,a51910516a70e925e6d1dce078f16c11,10320810.0,57595228,7.7,10.0,f,CÁLCULO III,20171
REPROVADO POR MÉDIA E POR FALTAS,d775a0826fe7a5a1e8c14b3a8d27eb0f,10320810.0,57595228,0.7,42.0,f,CÁLCULO III,20171
REPROVADO POR MÉDIA E POR FALTAS,a77068f84cf0efb854f31cdc61893b2a,10320810.0,57595228,0.8,22.0,f,CÁLCULO III,20171
REPROVADO POR MÉDIA E POR FALTAS,27ad747dadfcc83cfabccc316b92d2f5,10320810.0,57595228,1.3,26.0,f,CÁLCULO III,20171
APROVADO,4d10a6aec8569bd9d9afc6fd5a9719e3,10320810.0,57595228,9.0,6.0,f,CÁLCULO III,20171
REPROVADO POR MÉDIA E POR FALTAS,d2cfa8f4c8c0b9a60d22300a69f6696d,10320810.0,57595228,0.2,54.0,f,CÁLCULO III,20171
APROVADO POR NOTA,5fe8ede6441f92017f429b7fe76e32e4,10320810.0,57595228,5.5,6.0,f,CÁLCULO III,20171
APROVADO POR NOTA,4739e9233cba374738a118b30ff7c8d2,10320810.0,57595228,6.5,18.0,t,CÁLCULO III,20171
APROVADO POR NOTA,4739e9233cba374738a118b30ff7c8d2,10320810.0,57595228,6.5,18.0,f,CÁLCULO III,20171
REPROVADO POR MÉDIA E POR FALTAS,f60da0af8fbadce57922f28e1992c2d0,10320810.0,57595228,0.7,32.0,f,CÁLCULO III,20171
APROVADO POR NOTA,c2c02b0c24c6d38a18191907fe1517bb,10320810.0,57595228,6.0,2.0,f,CÁLCULO III,20171
REPROVADO,cc761011c045203d23f950ebde97f742,10320810.0,57595228,0.1,20.0,f,CÁLCULO III,20171
APROVADO,7d70632844c1afa802144ce0605ae547,10320810.0,57595228,9.0,2.0,f,CÁLCULO III,20171
REPROVADO POR MÉDIA E POR FALTAS,3c89c83595f344fdb09f2f235faf8821,10320810.0,57595228,0.2,32.0,f,CÁLCULO III,20171
APROVADO,a91f94d8bd4f319add7fe2306c9535d6,10320810.0,57595228,7.2,8.0,f,CÁLCULO III,20171
APROVADO,a91f94d8bd4f319add7fe2306c9535d6,10320810.0,57595228,7.2,8.0,t,CÁLCULO III,20171
APROVADO POR NOTA,08b6ed3e58d58142e964b8c3edf83b5d,10320810.0,57595228,6.2,4.0,f,CÁLCULO III,20171
APROVADO POR NOTA,08b6ed3e58d58142e964b8c3edf83b5d,10320810.0,57595228,6.2,4.0,t,CÁLCULO III,20171
REPROVADO,4db7ce801f4544c89dcbbe15954ec92f,10320810.0,57595228,1.9,8.0,f,CÁLCULO III,20171
REPROVADO,d9c09185eb2cbc430aa2892236616324,10320810.0,57595228,1.8,4.0,f,CÁLCULO III,20171
APROVADO POR NOTA,33f67bf8b29006b2ee405ae3298d9d53,10320810.0,57595228,6.8,10.0,f,CÁLCULO III,20171
APROVADO POR NOTA,caadf70b32750ddfbad81a30a3840bb9,10320810.0,57595228,5.5,14.0,f,CÁLCULO III,20171
CANCELADO,2eab460b95adaec7ee2ecaae89bafc3d,10320810.0,57595228,2.3,8.0,f,CÁLCULO III,20171
APROVADO,8649446d6ba2f5b1c7369f0662249495,10320810.0,57595228,7.3,20.0,t,CÁLCULO III,20171
APROVADO,8649446d6ba2f5b1c7369f0662249495,10320810.0,57595228,7.3,20.0,f,CÁLCULO III,20171
APROVADO,cd21f8c59c44e3ee5cb284e1713d6dfe,10320810.0,57595228,8.2,4.0,f,CÁLCULO III,20171
REPROVADO,e4e8a1a52d0a8e3792ad8697a19d4cf9,10320810.0,57595228,3.7,8.0,t,CÁLCULO III,20171
REPROVADO,e4e8a1a52d0a8e3792ad8697a19d4cf9,10320810.0,57595228,3.7,8.0,f,CÁLCULO III,20171
REPROVADO,a069fc262baa15c76dbea3861b1d1a0a,10320810.0,57595228,4.7,12.0,t,CÁLCULO III,20171
REPROVADO,a069fc262baa15c76dbea3861b1d1a0a,10320810.0,57595228,4.7,12.0,f,CÁLCULO III,20171
REPROVADO,4548f7206133a972e0171f7c14430eb5,10320810.0,57595228,2.8,20.0,f,CÁLCULO III,20171
REPROVADO,d315288ac28b33ddcde6919f0f07032f,10320810.0,57595228,3.7,10.0,f,CÁLCULO III,20171
REPROVADO,d315288ac28b33ddcde6919f0f07032f,10320810.0,57595228,3.7,10.0,t,CÁLCULO III,20171
APROVADO POR NOTA,2fb1eab9de0d744459232db3efa89e6b,10320810.0,57595228,6.2,4.0,f,CÁLCULO III,20171
APROVADO POR NOTA,94c5b9ae9b52e8eda03e30aac9d681e7,10320810.0,57595228,6.3,8.0,f,CÁLCULO III,20171
APROVADO,17ff14beeefe1d036a95344ea366876f,10320810.0,57595228,8.3,4.0,f,CÁLCULO III,20171
APROVADO POR NOTA,1dbf2f4dce15d72f55b433bd2f624122,10320810.0,57595228,6.5,8.0,f,CÁLCULO III,20171
APROVADO POR NOTA,1c834487bc5c030e18e7600db71f299a,10320810.0,57595228,5.4,18.0,f,CÁLCULO III,20171
APROVADO POR NOTA,4dd764ff30ca9db7e658c1ad4857979c,10320810.0,57595228,6.5,14.0,f,CÁLCULO III,20171
APROVADO POR NOTA,9c938fda4d2fb52e825c921c226059b8,10320810.0,57595228,5.3,12.0,f,CÁLCULO III,20171
REPROVADO POR MÉDIA E POR FALTAS,36c62a6f1e99ac91b7e6e2d4f3c0de35,10320810.0,57595228,0.0,46.0,f,CÁLCULO III,20171
APROVADO,5602bd95f25bf249caa10e3b42e91a68,10320810.0,57595228,8.2,0.0,f,CÁLCULO III,20171
REPROVADO POR MÉDIA E POR FALTAS,8ceb87bebba7cfe2ab2f9f8f508806eb,10320810.0,57595228,0.0,62.0,f,CÁLCULO III,20171
APROVADO POR NOTA,3bd549481e83f937c23864382fa7c68e,10320810.0,57595228,6.7,14.0,f,CÁLCULO III,20171
APROVADO,f7da15d2e7a89527a0fcac79e9160179,10320810.0,57595228,7.8,6.0,f,CÁLCULO III,20171
REPROVADO POR MÉDIA E POR FALTAS,9f04e40df46f71e8a76e7f059051cc2c,10320810.0,57595228,2.0,22.0,f,CÁLCULO III,20171
REPROVADO POR MÉDIA E POR FALTAS,593228266cc48886b95798d20ecc7900,10320810.0,57595228,0.4,48.0,f,CÁLCULO III,20171
REPROVADO,443f83d4dde6c993476c97ecf351a3b0,10320810.0,57595228,2.2,16.0,f,CÁLCULO III,20171
APROVADO POR NOTA,dce299d076d1db12f699f1c65140720e,10320810.0,57595228,6.6,4.0,f,CÁLCULO III,20171
APROVADO POR NOTA,dce299d076d1db12f699f1c65140720e,10320810.0,57595228,6.6,4.0,t,CÁLCULO III,20171
APROVADO POR NOTA,ea9f29e16c7b46ee9a7984794756620b,10320810.0,57595228,5.8,12.0,f,CÁLCULO III,20171
APROVADO POR NOTA,ea9f29e16c7b46ee9a7984794756620b,10320810.0,57595228,5.8,12.0,t,CÁLCULO III,20171
APROVADO,d294bb1cdaa5db7c136043cfefd6784d,10320810.0,57595228,7.9,0.0,f,CÁLCULO III,20171
APROVADO POR NOTA,b389aaff60c320f35df67e8be8697713,10320810.0,57595228,6.3,4.0,f,CÁLCULO III,20171
APROVADO POR NOTA,08e5b1d4df53b996e32ca0db193daa89,10320810.0,57595228,5.0,14.0,f,CÁLCULO III,20171
APROVADO POR NOTA,08e5b1d4df53b996e32ca0db193daa89,10320810.0,57595228,5.0,14.0,t,CÁLCULO III,20171
APROVADO POR NOTA,7e68bbff89cec9c8c74a0014df018988,10320810.0,57595228,5.5,12.0,f,CÁLCULO III,20171
REPROVADO POR MÉDIA E POR FALTAS,19a04f299f52e2f71fe4e8430de9dcd4,10320810.0,57595228,4.0,28.0,f,CÁLCULO III,20171
REPROVADO,76a23d48e2c2b5e32a571645fb7890ff,10320810.0,57595228,1.5,16.0,f,CÁLCULO III,20171
APROVADO POR NOTA,fdbc55a46a0f83faba352912e61ca710,10320810.0,57595228,6.0,2.0,f,CÁLCULO III,20171
APROVADO POR NOTA,fdbc55a46a0f83faba352912e61ca710,10320810.0,57595228,6.0,2.0,t,CÁLCULO III,20171
APROVADO POR NOTA,0713afed10a2940f0c93880554949649,10320810.0,57595228,5.0,10.0,f,CÁLCULO III,20171
APROVADO,507386201aa7a996df70cededec34e5f,10320810.0,57595228,7.2,12.0,f,CÁLCULO III,20171
APROVADO POR NOTA,0f9a58ebca79a46e3d9d67553debb626,10320810.0,57595228,6.8,16.0,f,CÁLCULO III,20171
APROVADO POR NOTA,649d181187fa12780dca416e3c25d9ad,10320810.0,57595228,6.3,2.0,f,CÁLCULO III,20171
REPROVADO POR MÉDIA E POR FALTAS,75ce8212068e5c5e93686cfb95b1c2ad,10320810.0,57595228,0.0,56.0,f,CÁLCULO III,20171
REPROVADO,ad7d2662b443625e3dde35f3dfcee7c5,10320810.0,57595228,4.3,6.0,f,CÁLCULO III,20171
REPROVADO,ad7d2662b443625e3dde35f3dfcee7c5,10320810.0,57595228,4.3,6.0,t,CÁLCULO III,20171
APROVADO POR NOTA,28f7167f771c2bbf9f98c6a10ea68b79,10320810.0,57595228,6.0,8.0,f,CÁLCULO III,20171
APROVADO POR NOTA,28f7167f771c2bbf9f98c6a10ea68b79,10320810.0,57595228,6.0,8.0,t,CÁLCULO III,20171
