,discente,media_final,numero_total_faltas,descricao
0,3d688dbe74a84992ce43181e08c0f295,0.0,0.0,NÃO PRESENTE
1,6c4acceb9b1288b61d893dc1b5005764,0.0,0.0,NÃO PRESENTE
2,bb67c2ca87d0e1fcf027b2f0f6df4221,8.5,0.0,NÃO PRESENTE
3,9897eefc366f1f546e5340390c3df0cd,1.3,0.0,NÃO PRESENTE
4,3446cf05d7adb4aacf73f901c0e422f6,5.5,0.0,NÃO PRESENTE
5,859abe9fcb5769f73f54cba6592b81af,1.7,0.0,NÃO PRESENTE
6,4847ea230075170dc33c8607eab37780,8.0,0.0,APROVADO POR NOTA
7,10bd3053637b8e5150a822396f62f372,7.2,0.0,NÃO PRESENTE
8,d00171e04d77a7994414014d941baf8c,10.0,0.0,APROVADO POR NOTA
9,87c8ed9b5ee46a87b620af169806703f,7.8,0.0,APROVADO POR NOTA
11,3ff085f94a31cdddd21d355d0d8f6438,10.0,0.0,APROVADO POR NOTA
12,bb7bc1c9d40935fe8d7d76f83d39ee62,10.0,0.0,APROVADO
13,25c8907b429c654ed810ca9031c14549,1.3,0.0,NÃO PRESENTE
14,517dbbaf3d580da5bbf5448d1481ab68,0.0,46.0,NÃO PRESENTE
15,82066df556befa4882980ed00899a870,0.0,32.0,NÃO PRESENTE
16,13632b83e2828cf1f1e9bfea313476af,0.0,34.0,NÃO PRESENTE
17,48b6a5675c9d78610d48319ee53e7935,0.0,32.0,NÃO PRESENTE
18,9350b162f828ced95c6a20648678b201,3.5,0.0,NÃO PRESENTE
19,ec85838da3203031d69a99d50ec0bcf6,0.0,0.0,NÃO PRESENTE
20,af06bc7237db788f380924c0bdc5c5ae,1.0,0.0,NÃO PRESENTE
21,444892fa5cd6a07ffdda75f7c4a196d5,0.0,0.0,NÃO PRESENTE
22,3b6a8e51d523c36e5c4a37d57d268d30,0.7,0.0,NÃO PRESENTE
23,100914c9af99e164eb676e05676b12fa,0.0,34.0,NÃO PRESENTE
24,97afe16117f9727970d743e234e443ec,0.0,76.0,NÃO PRESENTE
25,d82319c3c4e183a5ba1ef14074abea7a,0.0,34.0,NÃO PRESENTE
26,ff8e4e7c73c14e26ad65865269ead334,2.0,0.0,NÃO PRESENTE
27,58c0b60aa36ba6f5a4beaa49295fc05d,0.0,34.0,NÃO PRESENTE
28,2c85197836856e2888bc691ae2b5762c,0.0,32.0,NÃO PRESENTE
29,24174d794c60c1729d7a35df10236994,0.0,34.0,NÃO PRESENTE
30,bb8add2351d10ee90e0c11956c8e2e24,1.3,0.0,NÃO PRESENTE
31,e24ca40d6a11fc91f46e9fd8f135d3b0,0.0,0.0,NÃO PRESENTE
32,db1487ab08945b94e789c7741f0f226a,0.0,34.0,NÃO PRESENTE
33,f0b5bc31bf2b1b0848e616f40018bc82,1.3,0.0,NÃO PRESENTE
34,98363491a13b8365455f7c873a4f90c5,2.0,0.0,NÃO PRESENTE
35,c3040a6592ef2cb2304a46f27c36a067,3.3,0.0,NÃO PRESENTE
36,601900921182f89571029a9e59d3cc1f,0.0,0.0,NÃO PRESENTE
37,8deca32e93a11e83a4f37bd6cc023093,0.0,34.0,NÃO PRESENTE
38,ceae4b41ca2db4afc06bf794e44d6ab3,0.0,0.0,NÃO PRESENTE
39,263aeb91eafa4738f4cccaf8e17b6e3b,0.0,0.0,NÃO PRESENTE
40,d1b2eebf5d6c544bb2bcee0f2247424e,8.7,0.0,NÃO PRESENTE
41,c8e7ab417bcd422a1f85d6b99ceeba1a,1.3,0.0,NÃO PRESENTE
42,0ab1e135c2ac2f12cc71d50b5d0865c7,0.0,0.0,NÃO PRESENTE
43,a9b45c955405bb887995bdb79054e458,7.7,0.0,NÃO PRESENTE
44,12e0d7dcac955cac21777761a52a6d0a,6.5,0.0,APROVADO POR NOTA
45,558c72fb2829cc20ff4d7b6a8f5f391d,2.3,0.0,NÃO PRESENTE
46,db6560af2b1538425add4e182fe0927e,10.0,0.0,APROVADO
47,68788c3f6177305dcac125541be8e9f7,8.7,0.0,NÃO PRESENTE
48,abba98a6ff5d8cc973ae927a36e7310d,0.0,0.0,NÃO PRESENTE
49,88864307748a9d6a1e8af90493d395ac,7.5,0.0,NÃO PRESENTE
50,9e7ca575a9f19958c10d6026ed22a876,6.8,0.0,NÃO PRESENTE
51,a658338e34ddaa5875747f36c334a1bb,7.2,0.0,NÃO PRESENTE
52,f7da15d2e7a89527a0fcac79e9160179,8.3,0.0,NÃO PRESENTE
53,9b141dc8a9bde036ab6c3d0caa25f199,7.2,0.0,REPROVADO
54,a9d31387559bee4f83742d0e17e57517,7.2,0.0,NÃO PRESENTE
55,f5aba3c9592542a087fa1f4fc0d50e1e,6.3,0.0,NÃO PRESENTE
56,a43c3495d397dcb48bbbe6ae6cd8b285,10.0,0.0,NÃO PRESENTE
57,d5236636d43cb234ef2b929de42974a1,0.0,0.0,NÃO PRESENTE
58,40e4720f53c067cf5ec56eb0f194c32d,10.0,0.0,APROVADO POR NOTA
60,7d744591f45bd39529003ebb7e76cbbe,0.0,32.0,NÃO PRESENTE
61,e749444b410bab4bf5c2a86bffaee6c7,9.3,0.0,APROVADO
62,cf8f762a5b095396a595e9b99558dd4e,6.0,0.0,APROVADO POR NOTA
63,a33cf7b06a80d07439948d5471ca7413,7.7,0.0,NÃO PRESENTE
64,09d6c8b7222c0e54190405cfc9682f6d,10.0,0.0,APROVADO
65,fdbc55a46a0f83faba352912e61ca710,8.3,0.0,NÃO PRESENTE
66,0e1b2c3f2fd6648ead93c2d270133215,0.0,34.0,NÃO PRESENTE
67,b9fa0e29a1a8b04f2829887aa7f67504,0.0,32.0,NÃO PRESENTE
68,7b52d554ab1c24305d71da8b5790409c,0.0,34.0,NÃO PRESENTE
69,168cd342fa825014aa410bee3127c557,0.0,34.0,NÃO PRESENTE
70,2c82f915d5a13583a623d0faebdbb8ba,0.0,0.0,NÃO PRESENTE
71,fee4a0cbee8b5e032929279c47dbd616,2.0,0.0,NÃO PRESENTE
72,577923be3aa36453b7dabc3b8869428e,1.3,0.0,NÃO PRESENTE
73,d4ada120bb8b730555873599071c98b5,8.3,0.0,NÃO PRESENTE
74,7526a05f81c631da3dc6a9569c3ce34e,3.3,0.0,NÃO PRESENTE
75,e12d916f0156a9efd1833102851ddd0e,2.7,0.0,NÃO PRESENTE
76,c17d96f5826f21ecdedeb56540d6ee0e,0.0,34.0,NÃO PRESENTE
77,f0073932c9e8b0752ee731d634454689,0.0,46.0,NÃO PRESENTE
78,ba02b11a4ffc35a12e16ba6c247c7646,0.0,32.0,NÃO PRESENTE
79,537992f699ecf55919cc7eb861a2f198,0.0,34.0,NÃO PRESENTE
80,a44d35b269e181e64f3c8fbf137b25eb,0.0,34.0,NÃO PRESENTE
81,7187470af2d6d949c85febb6a4258ae9,0.0,34.0,NÃO PRESENTE
82,fcff40767f0f55425c36c7dd6d4a3ace,4.3,0.0,NÃO PRESENTE
83,daa98d44d5762c5b3812d27a3dae45f1,0.7,0.0,NÃO PRESENTE
84,d61fad3b68345b53959534818ea1a9b7,0.7,0.0,NÃO PRESENTE
85,596cb122b574f93e18445cc22ea3f61e,0.0,42.0,NÃO PRESENTE
86,0b3d7f76a836558a4915cbc5e79a30c2,3.8,0.0,NÃO PRESENTE
87,6c587c91a054681613885a44f4bbdaf6,3.3,0.0,NÃO PRESENTE
88,cb6b0df9d57be96835f106aa4904adbc,0.0,34.0,NÃO PRESENTE
89,4f95787ff326a057d663b8329fed5fa4,0.0,44.0,NÃO PRESENTE
90,97eeeeb81ab526c8936e0def1e7540c1,1.7,0.0,NÃO PRESENTE
91,37e1bbca9fd7511f9e67979487b2fabd,1.3,0.0,NÃO PRESENTE
92,797e053c6973ff6bbbe23888f6a4eb73,8.7,0.0,NÃO PRESENTE
93,ef666b93ff12938be6eb12227001ff04,0.0,0.0,NÃO PRESENTE
94,74620b4149f41d3ee42335aa8918a48a,6.7,0.0,NÃO PRESENTE
95,034a1bd35a241400cec8a2268261f8a0,0.7,0.0,NÃO PRESENTE
96,c74b9117d35940682ecf37aa1cf3a08d,3.5,0.0,NÃO PRESENTE
97,fbc5f861aacf07f8af2ce81e127793a4,0.0,0.0,NÃO PRESENTE
98,3cb61af346295e729afd9843f66ac546,0.0,34.0,NÃO PRESENTE
99,251d2e694ff4bf253bba2ee6446b51c9,0.0,0.0,NÃO PRESENTE
100,ae8bb5f2600aa9d51eedf5bb8beedd0e,0.0,0.0,NÃO PRESENTE
101,4bbc9176cb8e1c3cf435bb3bab7e926b,0.0,0.0,NÃO PRESENTE
102,9b545286828091539e765214aeef5546,5.0,0.0,NÃO PRESENTE
103,6872520b71e1201c47155d55325ded0f,0.0,0.0,NÃO PRESENTE
104,2a9590c18fa91de4bca5d292430ecb0a,0.0,32.0,NÃO PRESENTE
105,5f11ef3327d0a4a7dd0ad2634b3238f9,4.2,0.0,NÃO PRESENTE
106,4dd764ff30ca9db7e658c1ad4857979c,4.8,0.0,NÃO PRESENTE
107,ee0a2c9123e45d2e9e670bc8d39da324,9.2,0.0,APROVADO
109,cc4746acf2128c14bc833524b439773d,7.2,0.0,APROVADO POR NOTA
111,67a850f4542904b8cc0ea8b821ec4bd1,1.1,0.0,NÃO PRESENTE
112,bc5747f34e34ad0ec959ef9d6b7ba5db,0.0,0.0,NÃO PRESENTE
113,9772c149bd73a06d3491a55ca49855bc,1.4,0.0,NÃO PRESENTE
114,71d3a58ec8c9df656ed01ccaeb7fb0d7,0.0,0.0,NÃO PRESENTE
115,efa2d0f5a7b1b543a8d654919ce9fe43,9.0,0.0,APROVADO POR NOTA
116,86064d770da2762e42605e447d8b20d1,0.6,0.0,NÃO PRESENTE
117,966f1c492934e83aa4159824a1e7b507,1.8,0.0,NÃO PRESENTE
118,459f071362203e2a7d2bf6dd777580d4,3.9,0.0,NÃO PRESENTE
119,c2f9e47721895f39ab88a1414ccb9630,9.1,0.0,APROVADO POR NOTA
120,a8f22f5ced9f7697b3ae86f899594d72,5.0,0.0,NÃO PRESENTE
121,d2dfb6406691d1130052bafd8e1ddca2,6.0,0.0,NÃO PRESENTE
122,6efbf8793dc5ed74b9de5d959ce91597,10.0,0.0,APROVADO
123,2f22bab6be59f0bd074d61945455c67e,7.3,0.0,APROVADO
124,651bd399eeaa495891e995589019f9fb,2.4,0.0,NÃO PRESENTE
125,54c638989c2444abbbbfe98fa078915d,5.3,0.0,NÃO PRESENTE
126,6148482a3bc488a0c864d0f2fdd558fc,3.7,0.0,NÃO PRESENTE
127,f6583697a09b47b512e75ab6a83c2950,8.3,0.0,REPROVADO
129,bcc1eb3ee75fe66e8c3599f43d72d96d,7.1,0.0,APROVADO
130,25dd0216691e1644cfb19c0bfb7ff8b3,5.3,0.0,NÃO PRESENTE
131,f5b8e5a1481e8c3f141dd48d34b53ad9,7.9,0.0,APROVADO POR NOTA
132,9692245086fc1a3559a9c6db530e9433,0.0,0.0,NÃO PRESENTE
133,55382f57f71db606836181845b316adb,0.0,0.0,NÃO PRESENTE
134,17fa43824de975e491452914e7955e65,0.4,0.0,NÃO PRESENTE
135,27c4ac8a1a53153d6b6e553adbd62808,0.7,0.0,NÃO PRESENTE
136,60c41c2d477f67ae457465dd8124b75d,0.3,0.0,NÃO PRESENTE
137,0cc3db6ed32ab41d5af68ed07dab18e1,1.2,0.0,NÃO PRESENTE
138,d9b7cd0b533fa0a7c3ea603a604f0942,1.1,0.0,NÃO PRESENTE
139,696b409f22d0b2da27b0d9174ea932e0,5.4,0.0,NÃO PRESENTE
140,ccdb15cb5472dce2d7e290ff60d5bfc9,0.0,0.0,NÃO PRESENTE
141,cd2c263931fedb76848ca64326c1d0ba,0.0,0.0,NÃO PRESENTE
142,05804cb20349794fcecd390bb800e74b,3.1,0.0,NÃO PRESENTE
143,dda4e8b5996e3a008665a0fd7d56e2ac,0.0,0.0,NÃO PRESENTE
144,0e326010fc33d9def7b6cfa0c72688f2,0.0,0.0,NÃO PRESENTE
145,82898710e41ce3e4fc79d6008a52f463,0.4,0.0,NÃO PRESENTE
146,b3f1bbd1657ba75df7daa2e41dc94f9c,1.6,0.0,NÃO PRESENTE
147,1454af247e2b05c17842495c6c80111c,7.3,0.0,APROVADO POR NOTA
148,55697526679c0ed0f2e4fbef04a54be3,0.7,0.0,NÃO PRESENTE
149,3c2d63dfb6bd2181a57d26628bf849eb,2.5,0.0,NÃO PRESENTE
150,0bed137d32aa677a7ca894d3962e82f6,2.1,0.0,NÃO PRESENTE
151,45d593646123e7802e8cc75c1ad892d6,2.4,0.0,NÃO PRESENTE
152,a5e383674984ac5b7d3b2ad6b3b811f7,0.0,0.0,NÃO PRESENTE
153,880e9f35faaddaa9b5368c2bb7be899c,0.5,0.0,NÃO PRESENTE
154,aacac2eb7c262d7cc09116272777b4b5,3.0,0.0,NÃO PRESENTE
155,9a6adc4c978661aa4308d50e6d706d6c,0.0,0.0,NÃO PRESENTE
156,f8e74f3ca4ad9578f6f2a3a21e8704a2,1.3,0.0,NÃO PRESENTE
157,9a21c21ed042727d913edd47b3ec4933,1.4,0.0,NÃO PRESENTE
158,785135bfc9343ef41290d0a9dc85deb2,0.9,0.0,NÃO PRESENTE
159,e47df73e1987ed5d74e589a9bb64ee4e,0.6,0.0,NÃO PRESENTE
160,844f9252fafef85d2ecd347feeee8f5e,0.5,0.0,NÃO PRESENTE
161,5b4b0f73dfddef54779bdcc0ef1c52cc,0.4,0.0,NÃO PRESENTE
162,0de702954a778f1455e0e9bde6ad0162,0.8,0.0,NÃO PRESENTE
163,f35cfdc1409ae041956dfbb95c1e2f49,1.0,0.0,NÃO PRESENTE
164,a8aadeb9d6cdede214298796fa816a34,0.2,0.0,NÃO PRESENTE
165,09286181e6c14c9360293e4ce804053f,5.0,0.0,APROVADO
166,b743e146e339f2f9fbd59540ca0dd555,2.4,0.0,NÃO PRESENTE
167,228c2cbb32843a6f127643907ae10ded,8.3,0.0,NÃO PRESENTE
168,b1672c8a49690e4c16174587858cc017,6.7,0.0,APROVADO POR NOTA
169,02209f809703ce8fd6cde21455f66f00,2.4,0.0,NÃO PRESENTE
170,6fc10c59fbbc99d9461e69d18779915a,7.2,0.0,NÃO PRESENTE
171,404b3ea5424f3d391b6536957cad7481,1.5,0.0,NÃO PRESENTE
172,9953bc66fd2a0227bf89c10a31d1f0a3,9.0,0.0,APROVADO
173,25261f50937a50d7d9a2899852c4e637,8.8,0.0,APROVADO
174,8062384ff88071751cc014720c88cf10,6.3,0.0,NÃO PRESENTE
175,08f55a0b68dfecffa8d9add360ef7d10,7.0,0.0,REPROVADO
177,8dadf341df1b7f0e433bce2bfe1a6c5f,7.8,0.0,APROVADO POR NOTA
178,4f918bc31d89ee2ee8ea4e5c6eb8310e,5.1,0.0,REPROVADO
179,34e6b4c97074b88503ec7869275cd3d0,5.5,0.0,NÃO PRESENTE
180,e2646161ab3fa3a43f973916d8f57625,0.5,0.0,NÃO PRESENTE
181,a483efd672cff30ecf369e06bbf57f40,5.7,0.0,NÃO PRESENTE
182,a89ba76fe0c245b083e89eb1b2cf3c4c,0.9,0.0,NÃO PRESENTE
183,4db6e30e067a7d2616eef9c2cad0b094,6.2,0.0,NÃO PRESENTE
184,7a1545aa60679963086f56f2e857f753,3.5,0.0,NÃO PRESENTE
185,3228b59f9068390d44fbc330a755a088,2.2,0.0,NÃO PRESENTE
186,fcdd9d540665adf10ee064853c3feec0,8.5,0.0,APROVADO
187,c8eda6be812416b3a0cead3b3140a74d,6.3,0.0,NÃO PRESENTE
188,aa0428b17823c5b8f92a6dc6fdf50b34,0.7,0.0,NÃO PRESENTE
189,664b6e8fa25e24545f661ca4144d55a9,0.0,0.0,NÃO PRESENTE
190,9a41448579d211311cb4295be5bc85df,0.0,0.0,NÃO PRESENTE
191,65608921662906a36e76d592210c8906,1.2,0.0,NÃO PRESENTE
192,fc62b0864c689b79d35981cd453a4c6e,0.0,0.0,NÃO PRESENTE
193,faf63b82ed90e7789ee7cbcb5e97b3d9,0.0,0.0,NÃO PRESENTE
194,19a337616f78990a9ad47fd68b8a24b9,0.0,0.0,NÃO PRESENTE
195,c23e5219bb78043ceea71ab6be223057,0.0,0.0,NÃO PRESENTE
196,13b68b56441b44c4ff1128575a8e41d4,0.2,0.0,NÃO PRESENTE
197,55c3042b375d3530077b5a3fabadd05e,3.4,0.0,NÃO PRESENTE
198,3fbcd46bffc0b1decbd25d0e843b555b,0.9,0.0,NÃO PRESENTE
199,a2969f5dfb1506672b5f083a0554c9d8,4.5,0.0,NÃO PRESENTE
200,503cc541d7e0b9a6aa7e2a51b1a82fd6,3.7,0.0,NÃO PRESENTE
201,01a14c6b28d73acc8bb206aa3e1e15b9,0.2,0.0,NÃO PRESENTE
202,a125d30c7108a22280e4f279be5f6605,0.6,0.0,NÃO PRESENTE
203,6eca3c0d430a6bf51e4362a5b7b60413,2.1,0.0,NÃO PRESENTE
204,6c2b28792b19eacc441b05bbca3350a8,1.8,0.0,NÃO PRESENTE
205,fc1301a86464788f5560df27eaa66def,4.0,0.0,NÃO PRESENTE
206,a2761a100c7a882ef3ccdfc30c2bba60,3.0,0.0,NÃO PRESENTE
207,5e925b6d72c4fb74597d63a7d0572591,2.2,0.0,NÃO PRESENTE
208,e19c9fafff970016e1121d174d428c04,6.7,0.0,REPROVADO
210,129e1c04f5315c5987560ea8f4219a5e,2.2,0.0,NÃO PRESENTE
211,196f6cbe46473bc01adab0afb54d8f62,4.2,0.0,NÃO PRESENTE
212,3e1a4f464f34c9f644620d827daf5548,0.8,0.0,NÃO PRESENTE
213,97fca95dd64acf9016f9727fdf3501c7,1.1,0.0,NÃO PRESENTE
214,75dcc20ba1ba2341644589858d07bbdd,0.5,0.0,NÃO PRESENTE
215,7a864d66b5d173dee6db8ead2fb0fb04,0.0,0.0,NÃO PRESENTE
216,88c328c3baabafcac301115230e71d5d,1.0,0.0,NÃO PRESENTE
217,def32270e69f5c04f3bd60740964cdd5,3.0,0.0,NÃO PRESENTE
218,c5a7ec1ca78116fa638610028ddd1e19,0.8,0.0,NÃO PRESENTE
219,8d1d97ed80b1abdcf861a15493556c52,1.1,0.0,NÃO PRESENTE
220,4f676606594e53690b4207b19468a9d1,0.6,0.0,NÃO PRESENTE
221,e399021baf2ba3e367bad1afb72356c4,5.0,0.0,NÃO PRESENTE
222,356661e8a6d40b65bc5fa18c5e9b78b6,0.7,0.0,NÃO PRESENTE
223,aeb94959346c2fc17c35966c41c681b0,9.6,0.0,APROVADO
224,d5665220f71e6102773217d854209604,9.8,0.0,APROVADO
225,7511ed528f9397235a75ff7f8bde87a6,0.8,0.0,NÃO PRESENTE
226,5a4a04d12d2cf270b8fd8d54fc0c3e80,9.7,0.0,APROVADO
227,1d30ffbae8c527f4ead1f5250a61405d,8.6,0.0,REPROVADO
228,91c32457dd3b1d85fa15829b468ce86e,0.7,0.0,NÃO PRESENTE
229,24cca7704c1f09955dd502329674e7f4,8.7,0.0,NÃO PRESENTE
230,4c31488fe79b578f7c4605aea32acc3f,10.0,0.0,APROVADO
231,7929dfd62113a1fdfbded2a0f63dc6a1,5.0,0.0,NÃO PRESENTE
232,a3bc6f821ed792af2d8d67f97c4ddb5b,5.2,0.0,NÃO PRESENTE
233,8bd95303461b46a805d0de93f7d7667b,9.1,4.0,REPROVADO
234,1c3190cc5093b9c45eead77a92472d95,5.0,8.0,NÃO PRESENTE
235,bf87948923b824631975b241a705e69b,5.0,4.0,NÃO PRESENTE
236,2d415a566b2f8f67221281bbf54478a7,0.0,40.0,NÃO PRESENTE
237,4341cbb3fae84601e35af27d922c8139,5.4,6.0,APROVADO POR NOTA
238,78659db24ed7bb17444bd3599cc5b8a6,7.3,0.0,APROVADO
239,0c2ba1d70f068ffecf36699e039dece1,5.0,0.0,NÃO PRESENTE
240,cac16af752f096d7dbbb558d322e4f4d,0.0,26.0,NÃO PRESENTE
241,ae77d0fe20450287d88ee3a2eabd0934,4.4,6.0,NÃO PRESENTE
242,aae0173642622d74cd35227f1d095458,0.0,42.0,NÃO PRESENTE
243,c604100f25878689fdf17776967c5d23,0.0,42.0,NÃO PRESENTE
244,fdc28329978b1082a37a204f24f41d58,0.0,48.0,NÃO PRESENTE
245,dc07a851bf6d033ea9ea47c51dd8b182,0.0,50.0,NÃO PRESENTE
246,a43063b58855624848e10679d3271886,0.0,50.0,NÃO PRESENTE
247,ec97d7df253dcb933c4d9637fcede77a,0.8,26.0,NÃO PRESENTE
248,69fba037e2009fcaaa7fbdf1e6241608,0.0,34.0,NÃO PRESENTE
249,ad2094e3745cc83b2da2f3283d045489,0.0,22.0,NÃO PRESENTE
250,635514e9bbec77d654601b5dd5be7364,0.0,22.0,NÃO PRESENTE
251,622fd939823056f95ee7d7799a6de581,1.5,38.0,NÃO PRESENTE
252,26bd798cd668108d7b8c814191c2d645,2.3,18.0,NÃO PRESENTE
253,38ace5fe583f6977eefdd0eb4d4e8a8d,0.0,50.0,NÃO PRESENTE
254,6407e59309ef981ffc762d6dd065a593,0.0,52.0,NÃO PRESENTE
255,575aa56425161da6e857a43cc9349372,5.2,6.0,NÃO PRESENTE
256,436ab6558384e7c672023b0349be13ff,0.0,52.0,NÃO PRESENTE
257,607590f5dd5afce78544e3c6f5077342,5.0,0.0,REPROVADO
259,067db82d7cb43eb31ceb4a46dbb0956e,0.5,14.0,NÃO PRESENTE
260,fccdf1ad4a1cb63ca4d4e3f115fc79f1,0.4,18.0,NÃO PRESENTE
261,119883026acfde186e104ddf8afb16b3,2.3,20.0,NÃO PRESENTE
262,d8d36e5245c771679ea30d6ed2657ee0,0.0,18.0,NÃO PRESENTE
263,0d376b2c3460e2d8332cf9d7c2489baa,0.0,16.0,NÃO PRESENTE
264,0e0092295428c4d29a327e26bfafc07f,0.0,50.0,NÃO PRESENTE
265,5bb938151f3e304dfe44c7e76b21694f,2.7,6.0,NÃO PRESENTE
266,66ee3463f6ab1e789772d22d3ec4918a,1.3,24.0,NÃO PRESENTE
267,52e82d51ca5675f0cd42a67ab67170e3,0.3,20.0,NÃO PRESENTE
268,6ee2ba86ff74b6c1701d48fa0634caf0,8.0,0.0,APROVADO
269,133770d1ab8a6de4a147b21e84d6010f,6.2,0.0,REPROVADO
270,979ba056309bdd79f2e6428ab0f73c7b,0.0,32.0,NÃO PRESENTE
271,5ffba6db6c03c6677e365f9d43dd2376,0.8,14.0,NÃO PRESENTE
272,7f2442e68d5c6cd3bf76f911a1ebf3cb,1.5,6.0,NÃO PRESENTE
273,cf9902d94d272a8cde460a99d424931b,0.0,32.0,NÃO PRESENTE
274,ef9181bc5150462578a6ff0e59cc624a,1.5,20.0,NÃO PRESENTE
275,80c1e835a6f3bd908c071227eba3e77b,2.1,22.0,NÃO PRESENTE
276,acf7a46d7e124eb08495810a17a09e52,0.0,22.0,NÃO PRESENTE
277,568a42b218a442de21c2c1bea5d66a97,2.1,14.0,NÃO PRESENTE
278,39c142d962c7fec74387c97f8f3b1bf4,0.6,26.0,NÃO PRESENTE
279,7ab8c36448688fe01eedea9952252624,10.0,4.0,APROVADO
280,d01df097002309668f2272d704799de2,1.4,0.0,NÃO PRESENTE
281,8b86700c05dc7e14015f71a93ffb55e1,1.6,20.0,NÃO PRESENTE
282,ee8e4404684b3f93bf91c84604aad21a,1.7,24.0,NÃO PRESENTE
283,806d500ef46063a47e1f3ae2014314dd,3.3,14.0,NÃO PRESENTE
284,b6462abe02f232358dab824cd53ea5d2,7.1,8.0,NÃO PRESENTE
285,40cc4f3662711a44db5cb8017534b51b,6.5,4.0,REPROVADO
286,757d1efc928c91d998ee38dfd27ba5f3,5.3,4.0,APROVADO POR NOTA
287,30901e0aa172d429d46c7f9ed88f3c89,7.3,0.0,APROVADO POR NOTA
288,d797d09421adb34c867a441879c20b5e,5.0,6.0,NÃO PRESENTE
289,631c95a0947ee2a12012c48ee72ff588,4.2,8.0,NÃO PRESENTE
290,7666f8a3847cdc01ad0869ad6badf2d9,5.8,4.0,APROVADO POR NOTA
291,feab17e19d293fed4cf91da296b66aeb,5.7,2.0,REPROVADO
293,49e3ae02378422d15ba608548be9d81c,0.5,12.0,NÃO PRESENTE
294,6d2bc2a2700404a9d271617dad3f9b99,0.9,34.0,NÃO PRESENTE
295,03a6a045ac178858f2d81eedf76f18a7,1.0,32.0,NÃO PRESENTE
296,754b5025144a4ecb130cd178966c5e70,5.5,4.0,REPROVADO
297,6243c8366cc8df4a24ac0a46d40d5551,0.7,28.0,NÃO PRESENTE
298,065eae8c361bff7e7318650d1ab676dc,5.2,4.0,NÃO PRESENTE
299,e46d6445b5c18eb2ae24f418f1566e4f,5.6,6.0,NÃO PRESENTE
300,89796402382a66ef9631b0445a744d9d,5.4,10.0,REPROVADO
301,ed930c6d9569026666ea8bb0156a0f17,5.1,2.0,APROVADO POR NOTA
302,2c621b92b2b25f72363849eaef9bb9dc,6.7,10.0,REPROVADO
303,445cbdd6516a587d0f69ae2baad6f06d,5.8,0.0,APROVADO
304,f99c83c08448b79eb3938dfbb2235fe5,1.6,20.0,NÃO PRESENTE
305,aa9817b1cdf9d39c1d32b6e1ab8ecbc1,3.4,6.0,NÃO PRESENTE
306,e85dc8ef207a17c6223de97e1ae05450,0.0,26.0,NÃO PRESENTE
307,369998ec75aeb6fc6f4b4f07f38f16c0,0.0,24.0,NÃO PRESENTE
308,76fc6ed6844179f08fdca9755e6c6fd1,3.6,18.0,NÃO PRESENTE
309,04ddfb30b33b9fc8eb7fe940f2a943ff,0.0,48.0,NÃO PRESENTE
310,b7088f8e3ceb9c3984143213453cdda1,0.0,50.0,NÃO PRESENTE
311,d7954ba60c6a1bb2d9ed1d2bad3ac5f9,5.2,8.0,NÃO PRESENTE
312,af1b53a780e7855aabee7b82d526962a,0.2,36.0,NÃO PRESENTE
313,1e1ea14b102368606bd1a252f98ad9b1,1.3,50.0,NÃO PRESENTE
314,5eb7a0de9994c3cc7d2990b1f34e399f,1.3,32.0,NÃO PRESENTE
315,ad6abae171946b8af73c5ed092ffdf4b,0.0,36.0,NÃO PRESENTE
316,c456ec5295845b6c7bbece586bb6ea87,0.9,30.0,NÃO PRESENTE
317,15984e4440da75ad584c313a7ced63be,0.0,42.0,NÃO PRESENTE
318,03467c5a2ffad158ba019faa92e3dfc8,0.0,22.0,NÃO PRESENTE
319,e670bca6788aa19afe4906b8444692e4,1.7,24.0,NÃO PRESENTE
320,f00a3408e76b70891f7353310d03e214,0.0,40.0,NÃO PRESENTE
321,3b65748298aba131bf33383370154cb6,0.0,50.0,NÃO PRESENTE
322,56039b6ec5867cd85dfec350a288f165,0.7,18.0,NÃO PRESENTE
323,52f8016a76f4c3f2064ca7cd6947455f,5.3,2.0,NÃO PRESENTE
324,5736c9b61d83a8130051ebaec52201e3,0.0,44.0,NÃO PRESENTE
325,3980549b1287b13fcf6ced9aff6d3ea7,0.0,10.0,NÃO PRESENTE
326,3bae77eb7f7ecf16cd36c9fb3fff21e6,6.3,0.0,APROVADO
327,114383f28e2a741a3161a1629a7fc50e,1.1,18.0,NÃO PRESENTE
328,f1f254413620db5e9a2509f7735147e5,0.6,22.0,NÃO PRESENTE
329,850e2a5763f561f4fc734655e32a19c4,2.0,10.0,NÃO PRESENTE
330,3c3cb5507a37929451fcb1c7e0f3b30a,0.0,42.0,NÃO PRESENTE
331,5ea3693d9ce0686834ed63f36256eb5b,5.3,0.0,NÃO PRESENTE
332,c698b730cc356c5080184e315d68f18f,0.0,24.0,NÃO PRESENTE
333,117c84af0c35218057a2f2f7357e14e8,0.0,50.0,NÃO PRESENTE
334,e37b019122620ad9adade87b0e337bb2,0.5,22.0,NÃO PRESENTE
335,f7ec72b1476d53934d79abfa2ad825f1,0.6,28.0,NÃO PRESENTE
336,76e4f62c1f9d08ee02408ffad19c0d5e,0.2,30.0,NÃO PRESENTE
337,c5595956a8e3e5e6a33f84f612a57970,0.5,12.0,NÃO PRESENTE
338,7ab8b4fc5fdf36127a12426ca3e7cd04,3.3,12.0,NÃO PRESENTE
339,7b259b60ea4165b1eff941cbef2f9710,0.0,20.0,NÃO PRESENTE
340,3ea0694db5f02a7615018427234b3e75,0.9,4.0,NÃO PRESENTE
341,81fd1b27a3b0b1e7b39ed2e356f179e0,0.7,24.0,NÃO PRESENTE
342,e533130178529c6a070bdc923c3c7046,2.0,8.0,NÃO PRESENTE
343,96415dc31e4ee04de81f2919885730ed,3.6,4.0,NÃO PRESENTE
344,52cd3bbe9c5a2fe6cee6928fadc5fc99,0.3,12.0,NÃO PRESENTE
345,20f3a05774b52d71821d6fc98db3f305,1.7,14.0,NÃO PRESENTE
346,d1052676438024cbeb84167d07fb4a5e,8.3,4.0,APROVADO POR NOTA
347,7106c7298feaf048041c7b47431d0739,5.3,0.0,NÃO PRESENTE
348,42970da4e6b14bb4e367c4eb76045b61,0.3,38.0,NÃO PRESENTE
349,378e5d31bd6640ae9613d7eece11609d,5.4,0.0,NÃO PRESENTE
350,459fcda88b8f74202e68f3cfb4a1be8b,5.0,10.0,NÃO PRESENTE
351,d3c9e061f830028b2bea7f62706ea909,5.1,6.0,NÃO PRESENTE
352,23193d1431fe50133041a2286cd54b80,9.0,0.0,NÃO PRESENTE
353,c1b1fcdda0394117afddd1694c40f6df,7.9,2.0,NÃO PRESENTE
354,211804c056490a41b4f3fc17880abc99,8.0,0.0,NÃO PRESENTE
355,5fe8ede6441f92017f429b7fe76e32e4,6.6,0.0,NÃO PRESENTE
356,8c275629a1a6503f34c337468c5561e8,6.0,0.0,NÃO PRESENTE
357,9111f85c339e16433831ed29519e649c,9.6,0.0,NÃO PRESENTE
358,d79f2e298dd07814be85bebed07a5c23,5.4,4.0,NÃO PRESENTE
359,dc2589fd7c01c6f790400051bea50ec3,5.5,0.0,NÃO PRESENTE
360,71eeef6a85867448b8208deb3ca5559e,5.1,2.0,NÃO PRESENTE
361,5c881692a4d8e50d3ebd3df4b0481664,6.4,2.0,NÃO PRESENTE
362,2701eca88287df408f90977a16b1b7f3,8.9,0.0,APROVADO POR NOTA
364,8b7f5b91351c7946f39a6e71f2139542,5.6,0.0,NÃO PRESENTE
365,4e19e07a1c3faf993f6cca5b4bdb0326,10.0,0.0,APROVADO POR NOTA
367,0ce0c13b394396ed3d2343bc2232fdca,7.7,2.0,APROVADO
368,b5a4065db04fa944b91fd09661c7cd66,6.5,2.0,NÃO PRESENTE
369,614edd352f260b3932afdb244a910b08,9.3,0.0,NÃO PRESENTE
370,7968e720ce7fdb5c3e43d1e31d447fe0,0.0,12.0,NÃO PRESENTE
371,93888b22229b28e35ee9f89f2f207087,0.0,16.0,NÃO PRESENTE
372,e163e6402c5a3cc15383a6810ca47fab,0.0,14.0,NÃO PRESENTE
373,d0f9c1f62fb8f839cf8164fb9f09eda5,0.0,14.0,NÃO PRESENTE
374,164e7e94abd5dcf4d891940018b96b46,0.0,14.0,NÃO PRESENTE
375,97003c340864c43efd055ead8b7a97c5,5.0,2.0,NÃO PRESENTE
376,31b9af1926684ee76568dd22af494191,0.0,10.0,NÃO PRESENTE
377,d775a0826fe7a5a1e8c14b3a8d27eb0f,5.9,6.0,REPROVADO
378,969ea347cd100912dfe2030bc22f7084,6.7,0.0,NÃO PRESENTE
379,9a15efbddf92273a71901b3ba9df0be4,0.9,2.0,NÃO PRESENTE
380,876341ad2513eacea09d5b70a19ed2fc,1.7,2.0,NÃO PRESENTE
381,1f28ca81530cdc8cc0c590fab7874d41,0.2,2.0,NÃO PRESENTE
382,d54ee8154eaaae8655b23612858a3f48,1.1,4.0,NÃO PRESENTE
383,4eb15d6990e8fa75ea5431b1f2798564,6.5,0.0,NÃO PRESENTE
384,31dfa3d2ada3c348d84c9a62f25f6120,5.3,2.0,NÃO PRESENTE
385,3acd950c3817c22bc9b00a1ad7e1f09a,0.0,12.0,NÃO PRESENTE
386,a21a80da5b20cf32b715b0c0892e6d3e,9.1,2.0,NÃO PRESENTE
387,28712cd653dc653b2727e35bc529d6aa,5.4,0.0,NÃO PRESENTE
388,21d8265d07707776d51a5cf3971c945f,1.0,4.0,NÃO PRESENTE
389,ffc61fd42a8d25039dc556850380ad09,5.1,0.0,NÃO PRESENTE
390,03ec1a20e965a9c4c6fd46a727db9e7e,5.8,0.0,NÃO PRESENTE
391,27f432562c1806fe86b070f66a6a0633,0.3,4.0,NÃO PRESENTE
392,ec9d555ebeba0a8df1efa76cc557f532,0.0,12.0,NÃO PRESENTE
393,59ee909b3d6ccb760e011abbb51a03bc,8.7,0.0,NÃO PRESENTE
394,bee28c9d0d3a84d7653d058e084e8581,9.0,0.0,NÃO PRESENTE
395,2717ee3345f4819116dfcd8b8b195900,0.0,12.0,NÃO PRESENTE
396,9c938fda4d2fb52e825c921c226059b8,6.7,0.0,NÃO PRESENTE
397,16881ba400dd348d973305c7c7159e57,7.1,2.0,NÃO PRESENTE
398,30762a58c9a4bec1bb7541ef44679f0e,6.6,2.0,NÃO PRESENTE
399,acb6977e5cfdab45bbc009a281abd49d,7.1,0.0,APROVADO POR NOTA
401,649d181187fa12780dca416e3c25d9ad,8.3,0.0,REPROVADO
402,a26dbc894d8a36c8645609808ae34a34,4.3,0.0,NÃO PRESENTE
403,e9a72541213fdfb6d4a98f67bebfa9c7,9.6,0.0,APROVADO
404,25498a2ee0d5fa062e181d92fef57d06,0.8,6.0,NÃO PRESENTE
405,c3e330d8c2f7dc1a156f0dfb6f2116dd,9.1,0.0,APROVADO
406,924a8972db2f0dfe6117c2a04cc197b6,2.7,4.0,NÃO PRESENTE
407,ba7994703d573d19c345cb54d8f27712,0.0,8.0,NÃO PRESENTE
408,29092a1427cc786979d4ede034c74e33,1.1,2.0,NÃO PRESENTE
409,1a87d52339adf0a90b4af65cc6c186f1,0.0,14.0,NÃO PRESENTE
410,18d45c5ecc1cec26fc47d5ac5d3ca540,0.0,14.0,NÃO PRESENTE
411,07bd976bd438e52ef93676a9c3f09b53,0.0,2.0,NÃO PRESENTE
412,52a6777da469b74c3dc8c9ad7b0cc190,0.0,12.0,NÃO PRESENTE
413,b318e18150153322afff8a4187742c93,0.0,12.0,NÃO PRESENTE
414,451d5a9116847b282ab4f2be6d8bd2a6,0.0,8.0,NÃO PRESENTE
415,cf221a4b11f832f5bfaa140bd6eee6a7,7.6,8.0,NÃO PRESENTE
416,da2daea48eb9453585685a4adbd651d4,3.6,0.0,NÃO PRESENTE
417,6f7e0d13ff921bff99dc88b992052f13,1.9,4.0,NÃO PRESENTE
418,f9d8e197e62f16d20a790f1de44a0706,0.0,10.0,NÃO PRESENTE
419,6d882990c7617e2f1d3456e027205bb6,0.0,14.0,NÃO PRESENTE
420,9e9f27f49b60b64f9ba2fb8562ce86f7,0.0,12.0,NÃO PRESENTE
421,410e0b77da6543dd5394aaf611883306,0.0,14.0,NÃO PRESENTE
422,deccb77cc29b2a6923bb5f0992a24570,0.0,12.0,NÃO PRESENTE
423,470dd719c2f86074f0e4a832af103f39,0.0,8.0,NÃO PRESENTE
424,0176a92fcc52c45d510b3410e9648aff,0.0,10.0,NÃO PRESENTE
425,5a83265263b4d2fdc9311f45349fd7c4,1.3,2.0,NÃO PRESENTE
426,d7242bd73fe3900eb88d15fb8eb1e39d,2.3,0.0,NÃO PRESENTE
427,46fa453a226082047c08dfa9f2fac0ab,5.0,2.0,NÃO PRESENTE
428,facf0297afeda6ab03efe2d40353fb33,3.0,0.0,NÃO PRESENTE
429,6383e6aacfd2aa8a91b33b04ed3db69a,5.7,4.0,NÃO PRESENTE
430,d065952c94658a3f3b3b96a593d2c578,0.0,6.0,NÃO PRESENTE
431,40204932e352f2e662f2a7819cc2d1d6,6.2,0.0,NÃO PRESENTE
432,1e9bd8ca9fea9755326f15d62936052d,0.0,10.0,NÃO PRESENTE
433,5343022e4c67f599edd5963e903925b7,7.3,0.0,NÃO PRESENTE
434,55ca647e74b4dbc1e94f1b8e4b6be687,0.0,10.0,NÃO PRESENTE
435,ba1e8da757c3ea66715a10c50141b69a,4.7,0.0,NÃO PRESENTE
436,f3bebda1fbd7700ada8b59e42bf6d633,5.4,2.0,REPROVADO
437,acede6b027a0abbdf63d63f617330a90,8.8,0.0,APROVADO
438,4bdb15b5b4445038fb4e7f6506f411b3,0.0,6.0,NÃO PRESENTE
439,2b193dc2a19275eafc56d6434d5e15b2,0.6,4.0,NÃO PRESENTE
440,bb65c4b65dd0e26cdd7b455eba13e42d,4.4,6.0,NÃO PRESENTE
441,ff6bb0b6cb632b75f87e84f3b66d2947,0.4,8.0,NÃO PRESENTE
442,f6ac9301714abea6a40d31f9d245d316,0.0,4.0,NÃO PRESENTE
443,14acbe97ed3f5e0c32de0f02f2023d01,0.5,2.0,NÃO PRESENTE
444,7fc54ccb56e2bb15f2cedd3a54b0782e,9.2,4.0,REPROVADO
445,f4bc7f53adbc18328e1eb75fff7cef82,0.0,4.0,NÃO PRESENTE
446,d1767e95b12bf9d41d1f8c1c75c2c05b,5.7,0.0,NÃO PRESENTE
447,79aeeebc1f3fa75bd275a92ed1aa601c,5.8,4.0,NÃO PRESENTE
448,ee9d95be01c3b46964daebcbe5020503,0.7,8.0,NÃO PRESENTE
449,676f517715cad7b5aecc3f8b6dd3d891,0.1,8.0,NÃO PRESENTE
450,034674167a5688ebdd28a2bda2a707ab,0.2,8.0,NÃO PRESENTE
451,b665957b0c343149f506de212b029399,2.9,2.0,NÃO PRESENTE
452,aa79accc176399bbc6f1316b3b8f88a7,5.6,4.0,NÃO PRESENTE
453,c1fed20ade974eb4ac1d57b9ce661dae,3.4,4.0,NÃO PRESENTE
454,3f2ba6418c387de5e156271857752cda,4.0,0.0,NÃO PRESENTE
455,2fda0e43791737ab2e078c1325f3b439,7.4,4.0,NÃO PRESENTE
456,da250571008ad8f1b16a05aebdf12e78,5.0,0.0,NÃO PRESENTE
457,7d2c3313e86991be636f017bf2f86410,5.8,0.0,NÃO PRESENTE
458,079f25ac0b72b1aa7a13506590f8e16d,0.0,50.0,NÃO PRESENTE
459,5337276aec65c776a71a9869b5d0d8e0,0.0,0.0,NÃO PRESENTE
460,c71b79d161d5dd3a6aac2ef224f97122,0.0,58.0,NÃO PRESENTE
461,af90564497ed8d6bfbd01adc996de699,0.0,44.0,NÃO PRESENTE
462,3f1f7849e59258bff1ee038950abe7b9,1.3,0.0,NÃO PRESENTE
463,3a0e2fa5a1af2de46016efce89c5db1b,2.0,0.0,NÃO PRESENTE
464,d1e0a113c39fd53274b80b4302cc8991,0.0,0.0,NÃO PRESENTE
465,0f2ad2712ea111869052396fd27a5d2c,0.0,0.0,NÃO PRESENTE
466,35730ce2219612b601bc94818ea4ede1,10.0,0.0,NÃO PRESENTE
467,b452c5545b15d57b0d32875b88906b9b,4.2,0.0,NÃO PRESENTE
468,7a360e8fae799d39bdcc132d3d1c0109,0.0,0.0,NÃO PRESENTE
469,3f80553a4c767e30ec9c3f676f205efe,0.0,0.0,NÃO PRESENTE
470,b74ce5385e74daab30954772015ae198,0.0,52.0,NÃO PRESENTE
471,98d4ef60c20cfca265a03d8ca0f38576,0.7,0.0,NÃO PRESENTE
472,69a2b7607ac595327b93987cc8d9e1ae,0.0,50.0,NÃO PRESENTE
473,b9cf0a740b76ec405e0cbf61ac47a45f,0.0,56.0,NÃO PRESENTE
474,522e34a63fc429f929db03cd5763bde4,0.0,46.0,NÃO PRESENTE
475,4eba70091eb1f75c110a7360dc04ff3e,0.7,0.0,NÃO PRESENTE
476,3b40b1324c6852d7ad42ab386efd9d19,0.7,0.0,NÃO PRESENTE
477,1f0562bc221875506ef398479823e0d7,0.0,46.0,NÃO PRESENTE
478,c92f6b1db88602de1e0f563f858221cf,0.0,76.0,NÃO PRESENTE
479,3373cc05daf255d49aa246684fcefe75,6.0,0.0,NÃO PRESENTE
480,f845e686dddcd90f04b55b2a0088c146,0.0,0.0,NÃO PRESENTE
481,745f02f12658b9f6e07f6979fea3f262,1.3,8.0,NÃO PRESENTE
482,f318ca81231a8e38a11093471e7990ae,0.0,30.0,NÃO PRESENTE
483,6360ce81e659feee39452aa8cd111beb,0.0,30.0,NÃO PRESENTE
484,6b6dd664489f264b37b3a40d51fb1574,0.7,4.0,NÃO PRESENTE
485,efb280e9480e84fcbb0518695b61cb80,5.3,2.0,APROVADO
486,621fa53cd5bf23d9d8b300354f86fa4b,0.0,20.0,NÃO PRESENTE
487,e513c185e788dec85722a68362bf2fbf,1.3,4.0,NÃO PRESENTE
488,d258f7fb1f7e7afa8f7b25b295307c7a,0.0,6.0,NÃO PRESENTE
489,91d42a40de6dda1a613af6df6554c418,6.0,0.0,APROVADO
490,25e73b759bce2f4e5cc1d8410aebe0bd,7.0,6.0,REPROVADO
491,6a4f2fac0f765d6afd2ded58c3451987,8.3,2.0,APROVADO POR NOTA
492,81a3053a6fb3f5e14f5763f63da44b34,0.0,12.0,NÃO PRESENTE
493,c1040cc7174129b005d17057d5308238,0.0,28.0,NÃO PRESENTE
494,1099bfd2fb960b29094d187072c1e9c4,0.0,68.0,NÃO PRESENTE
495,d5986d7ca63fc1a0c90d2343504d2f1e,0.0,42.0,NÃO PRESENTE
496,6f7da3c2639e508b9f1e38b4d96ba8ca,0.0,14.0,NÃO PRESENTE
497,b73c80f6a61f8f8725acd3278ee5d98d,0.7,10.0,NÃO PRESENTE
498,6c4c11a7234f32ba00e3674f8c54ba46,3.3,14.0,NÃO PRESENTE
499,d09626a0649c83aaa14aee79a449e46c,2.3,10.0,NÃO PRESENTE
500,46615d9eb7c16b0e51bf201c80687e3e,0.7,28.0,NÃO PRESENTE
501,68168dc126a2a9b767d476c3869aa77c,0.7,8.0,NÃO PRESENTE
502,e5930e3c2c83d80ef671058e553b96b9,1.3,14.0,NÃO PRESENTE
503,68e9f1efcf62450334452b191596db9d,0.0,16.0,NÃO PRESENTE
504,45a47afeab1718dc92e265fce31d29ff,5.3,10.0,APROVADO POR NOTA
505,fa33216eec66570333dcf92214b5cebc,1.7,8.0,APROVADO POR NOTA
506,9017c92029e2fdd9dfcb0c08ba85eb45,0.0,18.0,NÃO PRESENTE
507,c9c4ba300915c0330eea4c8224d1e2aa,5.7,2.0,APROVADO POR NOTA
508,4790d765e8bc57ff367de566c81292bf,0.0,68.0,NÃO PRESENTE
509,4f2b70c3e815a9383e45bd43857569cd,0.0,40.0,NÃO PRESENTE
510,a418e259bf7e6025265d48c7549fa5c1,0.0,46.0,NÃO PRESENTE
511,1eb25359dc6828a91a8207eaa6d36fe2,1.3,10.0,NÃO PRESENTE
512,62f3e4499b3c96184148fe3e58121e56,7.0,12.0,APROVADO POR NOTA
513,caaf84a8870d89e05ae840a3e912b82b,2.0,4.0,APROVADO POR NOTA
515,915e3a46a2b2d28ac3f23d6f799304fe,0.7,4.0,NÃO PRESENTE
516,63b79ab45a1f05bc990aa36dfec3ddea,3.0,0.0,NÃO PRESENTE
517,84a64c43b6093611c46a0bb4917bbe77,3.3,16.0,NÃO PRESENTE
518,cdd50f2b80a5fc78469a32b858fa0e3b,6.3,2.0,APROVADO
519,462b0f977a0510d690c38e2ea5e4001d,2.0,6.0,NÃO PRESENTE
520,cd06dc6b2596fb33e9ff81765dffa47a,7.7,0.0,APROVADO
521,bd990ef60f578ce72bcc0680b71b7e35,6.7,6.0,APROVADO POR NOTA
522,58675f433ac3e8b70a6910664ddec3b2,0.7,32.0,NÃO PRESENTE
523,293e2bcab7205170f948f9ad8fda116b,5.0,2.0,APROVADO POR NOTA
524,b3a7be608ef030dd46363d446cfaf605,0.0,14.0,NÃO PRESENTE
525,d17c63b3a90a9896ace1d48c7d62a3da,0.0,9.0,NÃO PRESENTE
526,b00c526b3a53feecfcb0bf4a63e7dd42,0.0,70.0,NÃO PRESENTE
527,9f080eb7d474b2f27e9b16c5eeba3b8c,0.0,42.0,NÃO PRESENTE
528,8dce09240a79ea99680685d547ac4a02,0.0,26.0,NÃO PRESENTE
529,c1edb0c1c857b807fcb6d1d5a42c409d,0.0,14.0,NÃO PRESENTE
530,0dbb333b4fe19e83ab63dfd2fe09326a,7.0,2.0,APROVADO POR NOTA
531,a2ae7dc9912b92875ca68cabd081daea,0.0,5.0,NÃO PRESENTE
532,d97d8dd25b752b68d606a92e85e2dcd7,5.0,8.0,NÃO PRESENTE
533,b69038f3edcdef45f314fbb69933d99d,0.0,8.0,NÃO PRESENTE
534,fee2b7014d90b7079c99c722e07d131f,2.7,8.0,NÃO PRESENTE
535,b72a3ac565f3e853aea681c8fc5ac5ec,0.0,70.0,NÃO PRESENTE
536,d204847d08ac84726ed2e8b00437f902,0.0,68.0,NÃO PRESENTE
537,70baf4f4c7d857780c719807b2da589e,0.0,64.0,NÃO PRESENTE
538,0e64b3e19b1394927a0b8574d6397628,0.0,24.0,NÃO PRESENTE
539,4e03c1d6e51c2503b70af037b32ca22a,0.0,66.0,NÃO PRESENTE
540,d4de6f9901c8aa6bc94eedd2742f7df7,0.0,54.0,NÃO PRESENTE
541,db5faf8b331cb6cecd1b7c5d04d90120,0.7,24.0,NÃO PRESENTE
542,1a87b7b8ce99d9fe7da237dcee38a45e,0.0,70.0,NÃO PRESENTE
543,cad9ac4ff19643e0c320620d1df1543a,1.7,18.0,NÃO PRESENTE
544,faff472b45bba63a5f9297a5e6cc5cdc,0.0,8.0,NÃO PRESENTE
545,20c4916b504e33c30b695680b1e019a3,1.3,8.0,NÃO PRESENTE
546,5c9ab39b0f2d05bc0975466ca4d34780,0.0,54.0,NÃO PRESENTE
547,f9dcd591c40f75f650e6d8d60046c3e4,0.0,16.0,NÃO PRESENTE
548,45218c2c8079cc44049514f6920d7465,5.0,14.0,APROVADO
549,338e6fd637440cdf2901f4c96aa15f7a,0.0,56.0,NÃO PRESENTE
550,6e6af47a3114462ae739347ecfb019eb,0.0,68.0,NÃO PRESENTE
551,c819db0e8c97954d75865359c45ca8f9,3.3,6.0,NÃO PRESENTE
552,f6216f182a2340b984c1c2e3a95d2dc6,0.0,30.0,NÃO PRESENTE
553,bde588323beba1b0fa7534086f857705,0.0,12.0,NÃO PRESENTE
554,28c40afd4b7acc13b53c102e88d568c7,0.0,16.0,NÃO PRESENTE
555,6db180d9986653ab220fea5fbf6a908e,0.0,66.0,NÃO PRESENTE
556,b799fbf8f68640f072456eec953f1934,2.0,14.0,NÃO PRESENTE
557,d903aa4840276efef32badaa777ac42a,0.0,16.0,NÃO PRESENTE
558,bf9339de7c16437a862b7ac5fa2fe26d,0.0,16.0,NÃO PRESENTE
559,5e009bd7ffdcb272a35114e7e6ee97c1,0.0,30.0,NÃO PRESENTE
560,c29f60413003055f6a1808be5263b6f9,0.7,34.0,NÃO PRESENTE
561,6366a143a64a2a0d64be64aaf9594f30,2.0,6.0,NÃO PRESENTE
562,e64bf2a43d16ca3b4beefac6075466bf,0.0,46.0,NÃO PRESENTE
563,786f9caf3c6ed56700eb935640a4e1a0,0.7,24.0,NÃO PRESENTE
564,e75778dcbdf4691b4c1c4aebdcaf6c30,0.0,44.0,NÃO PRESENTE
565,d19c1e734467184d3e200ea47d1ee627,7.3,6.0,APROVADO POR NOTA
566,e6b0a96e398dac42b1453325f6eb96a3,2.0,10.0,REPROVADO
567,e9122465917b6d8f1da74a4fcf4ed93f,0.0,4.0,NÃO PRESENTE
568,c93ab2d5e70f705aacc165126e278fe5,9.3,0.0,APROVADO
569,82ef0d5469a1e7fb35d114770d006e68,2.0,2.0,NÃO PRESENTE
570,d3ed0500c349cb987c7e2481f369dfca,0.0,32.0,NÃO PRESENTE
571,543e5eda725cdd7c84a6452d38447058,1.3,6.0,NÃO PRESENTE
572,d78338f30a96e44d6e47fedd9be893c1,7.0,4.0,APROVADO POR NOTA
573,8d6d4913453d78b73219ddc692c3c4c6,7.3,0.0,APROVADO POR NOTA
574,774b702903ae9af5122d54ca9e1a43cc,1.3,6.0,NÃO PRESENTE
575,e1c3fc9ae1220b66ae685e3398be6350,1.8,28.0,NÃO PRESENTE
576,6f1ad7f400fcb70e04fd97c8698bcc2e,0.0,42.0,NÃO PRESENTE
577,9a21dec60cc631a518d0485e9e1dde6d,2.5,4.0,NÃO PRESENTE
578,173ff04b3cd89bc1d7b428dc698351f1,0.8,20.0,NÃO PRESENTE
579,50b5ecaf54a67e32bd3d480fa70cd0bd,0.0,64.0,NÃO PRESENTE
580,ee0fbf9f635cf564b24d02d719535549,0.0,64.0,NÃO PRESENTE
581,567c96784f8e5e4517f8a8875ed8b45a,0.5,40.0,NÃO PRESENTE
582,3d7089625c6c354e55bf35bf9af04c47,0.0,52.0,NÃO PRESENTE
583,4406bb3ebe3373f3e48b9c8e9a1f5be7,0.0,62.0,NÃO PRESENTE
584,c48901d2f396aac15aee0797cb18be5d,9.3,2.0,NÃO PRESENTE
585,4ea298fe6ecadfafb504c80c6a527d07,0.7,12.0,NÃO PRESENTE
586,6ca1f45d7305e9f1f4dd6f9a29c8f8d5,0.0,64.0,NÃO PRESENTE
587,f73c561016c4c9c4e8cd53caf6608375,0.0,64.0,NÃO PRESENTE
588,43d79636ce6e3621bd92dfbb69358a60,0.0,64.0,NÃO PRESENTE
589,631b4596650685d0574938b788d3e55b,0.0,64.0,NÃO PRESENTE
590,539d3753bea053ff945a4b8a82b0d202,0.0,64.0,NÃO PRESENTE
591,4a8581eaa82f958cb6d5f813427ef527,0.0,60.0,NÃO PRESENTE
592,ba964f262cf51d8b0dc0fbc3b49aa9bd,0.0,62.0,NÃO PRESENTE
593,3d928c6ca1dff550d0944299689189cf,0.0,18.0,NÃO PRESENTE
594,9e7c4a5d97bc7dfd4e8a1c98ef1d4f81,1.8,18.0,NÃO PRESENTE
595,564bbc3b0d941ef1439404003ecffb3d,0.0,58.0,NÃO PRESENTE
596,84c7b0be31342309e1df868852668394,0.0,24.0,NÃO PRESENTE
597,0e79887ab4073e983b476cd78df08098,0.0,14.0,NÃO PRESENTE
598,8cf8be43952607379775e71c652c6b86,0.0,62.0,NÃO PRESENTE
599,ca0f37f5e888d37328f572d066cbae9d,0.0,62.0,NÃO PRESENTE
600,680f29da59ed4716c38a56e3dd6d028c,5.9,8.0,NÃO PRESENTE
601,f7ad46f88a1c4e24ebe292d5fc0c4743,3.2,22.0,REPROVADO
602,0a10dd6661e23595caab2323db67e9c5,0.3,20.0,NÃO PRESENTE
603,78e9329cfcd54843f06e29aa49f07739,3.0,12.0,NÃO PRESENTE
604,e0830e6363b8c6a692d3aea55eab73c1,4.6,0.0,NÃO PRESENTE
605,6d6d3f93fafeb4f6fd82db0c3eb3dc9b,0.7,22.0,NÃO PRESENTE
606,228ad27171b5570eab5d9f820cd66913,0.0,60.0,NÃO PRESENTE
607,8def77273f209cb291a9b8eb02e70bd3,0.0,48.0,NÃO PRESENTE
608,fe987f2702dc8b51d754e8915f73b5fc,0.0,24.0,NÃO PRESENTE
609,835855c900ff85e56c98937262d1cbb1,2.6,0.0,NÃO PRESENTE
610,a8986898db5ebe12d23e1ec9e2b075c7,2.0,12.0,NÃO PRESENTE
611,fca2694fec71b47b6f6d8a7f13ed97e9,2.2,18.0,NÃO PRESENTE
612,347010301412339a90bccd2356e478e7,1.3,26.0,NÃO PRESENTE
613,fa00a633c19c2015bd59d74b24407075,3.6,2.0,NÃO PRESENTE
614,838c83d6cb735788a8225a6e91d5cc24,1.2,16.0,NÃO PRESENTE
615,c56b12bde6b544cfa6968b4c9931541f,1.1,26.0,NÃO PRESENTE
616,7255ff86c866660097294614c36a5668,0.2,2.0,NÃO PRESENTE
617,64bffe436879da9c427c56767259bd88,7.2,4.0,APROVADO
619,6b63ae5a20fcfd68ed8150a4d3114bd6,6.3,6.0,APROVADO POR NOTA
620,46924c0e9f0d20f8a15885b19267a8dd,5.0,2.0,APROVADO POR NOTA
622,55229fa3f8ad73c3f9d424d1e01fe09d,0.7,20.0,NÃO PRESENTE
623,364ed21cc21a3d851cbfd57a9da30a0f,1.7,20.0,NÃO PRESENTE
624,16ef7cf4c4d48f16eef4854500086863,5.3,14.0,NÃO PRESENTE
625,f6f3a7fbce2ad0405b2c019a859d7dbc,6.0,8.0,APROVADO POR NOTA
627,b1344351dcb0fe31c4b8d2d8b9274e34,6.0,4.0,NÃO PRESENTE
628,5258333eb2adec29835241960c6c3af8,5.0,17.0,NÃO PRESENTE
629,9e9bcd64b93ba8080628812e820ba785,0.7,58.0,NÃO PRESENTE
630,0e569d6f6417783aa44686599320cef9,0.0,36.0,NÃO PRESENTE
631,0c3b7727ba051d6117ff9fd6a85052ec,0.0,28.0,NÃO PRESENTE
632,7cfad51d88afefd7b46efe892271a5b0,0.7,32.0,NÃO PRESENTE
633,527f701438575703b473197d611f492e,0.0,54.0,NÃO PRESENTE
634,d85a6c3ebb74be6e727c3a78ab4a4164,0.0,64.0,NÃO PRESENTE
635,f24e397802d5b1654973a167382a8e3d,0.0,64.0,NÃO PRESENTE
636,00a0c8929d0b1b7c985d5473a20877fd,0.0,62.0,NÃO PRESENTE
637,885922972ea8a67a7643c186d1514c14,0.0,64.0,NÃO PRESENTE
638,717d1fa6cee506b7f4c10a46b1d0efb4,0.0,34.0,NÃO PRESENTE
639,49069c4a5089097392b06e0171f3a0b4,1.3,20.0,NÃO PRESENTE
640,e1a700d5ff652ec367f5c7277109c529,4.2,2.0,APROVADO POR NOTA
641,51ba4c608a5c9401acf1de40c15f3d2d,0.0,34.0,NÃO PRESENTE
642,71ec0f8975147a72f2d25f05dcd32486,0.7,34.0,NÃO PRESENTE
643,8ce21a6ce8067fbbd786a99ce7585e8b,0.0,64.0,NÃO PRESENTE
644,33e38dc2083aa9dc0e0668626def3886,2.0,20.0,NÃO PRESENTE
645,904c1a543ce94a146b983cacfa9ed9ff,3.8,10.0,NÃO PRESENTE
646,2421f9ce63b71f2458cef3183c2f2212,0.0,58.0,NÃO PRESENTE
647,7768332d0620c005bf18fcf19f0984ae,0.0,64.0,NÃO PRESENTE
648,56acf712b463f9c53a81fb9ac24d3d71,0.0,62.0,NÃO PRESENTE
649,9a3c24f98282360687ceb3f1039a9db7,0.0,64.0,NÃO PRESENTE
650,a6d388ab834dca29dc2173145ab4ed37,1.4,0.0,NÃO PRESENTE
651,0be92b76350e93845ff4ffd8251e8b48,0.0,62.0,NÃO PRESENTE
652,e7f956e95faed37901c11aab1164061f,0.0,62.0,NÃO PRESENTE
653,5c6fb5c46e086e24504ca8fc90f2e2f7,0.0,42.0,NÃO PRESENTE
654,b243257222402a9cbc04ec258d993a9c,0.7,14.0,NÃO PRESENTE
655,06cdf2e90aa457670f7df0e7dfb13a34,0.0,36.0,NÃO PRESENTE
656,f267fbab5f64441dba82d07e154c3320,0.7,56.0,NÃO PRESENTE
657,4b0ee844d8ad77943a55a0b01ecdbd9d,1.0,24.0,NÃO PRESENTE
658,e7d0aed11c6205e16d00e47eaa1ad511,1.3,38.0,NÃO PRESENTE
659,c9c0465a84cf3aeea6b65fb580299ada,0.7,32.0,NÃO PRESENTE
660,cc9f74ca38b1ebc789b4d0a999b4843b,0.0,48.0,NÃO PRESENTE
661,e7e62f4acf7f4c0eb1a41ed6f42bd823,0.7,26.0,NÃO PRESENTE
662,454b54380e38396aa5d6619c82aa8ca0,0.7,30.0,NÃO PRESENTE
663,33f67bf8b29006b2ee405ae3298d9d53,0.0,24.0,NÃO PRESENTE
664,e51681d4258bf2f57bae2717a0df6d0b,0.7,14.0,NÃO PRESENTE
665,320c9f21b9bfd0840fd6b2cecfb0767e,0.0,10.0,NÃO PRESENTE
666,29af1537082df419cea1da9cd8b488bb,0.5,48.0,NÃO PRESENTE
667,eb9ef59960492192a909d093fef69fa6,3.5,10.0,NÃO PRESENTE
668,86c2e987e7d1f15670dc7edeab17183c,6.5,17.0,NÃO PRESENTE
669,cad843ea7820044687e293ee3a224c53,0.0,34.0,NÃO PRESENTE
670,6a685e42241bf227aad8534b7a228f16,1.0,28.0,NÃO PRESENTE
671,2847b04ebab6c2e7a964669becff4620,3.1,0.0,NÃO PRESENTE
672,a093246dd4bb028ffb6e345625d449ea,1.3,16.0,NÃO PRESENTE
673,444756e79154541c9d30b92976854792,1.3,0.0,NÃO PRESENTE
674,956ea784c24907c33ab9223a86077c30,4.0,6.0,NÃO PRESENTE
675,c14ebff8ebb5a6d4d7602640e4d3bdf0,1.8,16.0,NÃO PRESENTE
676,c083baeb0669bc18428e515914f935da,6.3,8.0,APROVADO POR NOTA
677,f08b42293e7f4d814fbfc5de72dd6f28,0.0,62.0,NÃO PRESENTE
678,63d83646443af932423918a536e4368f,0.3,14.0,NÃO PRESENTE
679,324ebf7db0ca091e704046c9da1b7338,5.5,12.0,NÃO PRESENTE
680,eadb1efd8a440abf13f95f98de3dbfb6,7.2,0.0,APROVADO POR NOTA
681,9e11ca1384cff795ec1af0b46f1d40df,3.4,4.0,NÃO PRESENTE
682,c814ae793ef1b2407db108c478619667,5.1,8.0,NÃO PRESENTE
683,578f6ffb87ad643154febabe35ff339e,6.8,0.0,APROVADO POR NOTA
684,53ab6cc19afdd3429fed6740fb0fdd27,2.1,14.0,NÃO PRESENTE
685,892d348fbd9c5a0df9288cb33c4b6b03,5.5,6.0,APROVADO POR NOTA
686,bfafde0f64109acec5d556d93ae5ed2c,5.9,2.0,APROVADO POR NOTA
687,65d6e145a8170aac287f7d3a3971a267,6.4,8.0,NÃO PRESENTE
688,f7af9ec61af58e9ff7830e93f1195c35,0.0,68.0,NÃO PRESENTE
689,3fe914952277d2e89f466ab88c3e46b9,6.1,0.0,APROVADO POR NOTA
691,2ccad753d075138e069ee21583dbd8f8,6.5,4.0,NÃO PRESENTE
692,548b8524245fb6ca6c779e76ba57f815,6.0,4.0,NÃO PRESENTE
693,7b97c4e8620c0027ade8ae44cf7ec24d,6.1,4.0,APROVADO POR NOTA
695,c0743c9193b93827289f5331858d29ef,5.2,12.0,REPROVADO
696,3ab662e374bab66e7305155726a2f4b1,5.0,8.0,APROVADO POR NOTA
697,c7b1080e89ac5b72410e63da19af4098,0.0,66.0,NÃO PRESENTE
698,4c7bfdbf0aa548abd4b254db2ea0bd75,5.0,16.0,NÃO PRESENTE
699,c697552e777b8ea79c794cf4e4a81721,2.1,10.0,NÃO PRESENTE
700,f457a5a0648e85e5ce0f7ac2c2eb61b3,0.0,68.0,NÃO PRESENTE
701,0f0eb4ca9d7b8880533946421acc3498,0.0,66.0,NÃO PRESENTE
702,fbbe1a532059b1413ab56571ec48f6b3,0.0,68.0,NÃO PRESENTE
703,ef37bc66a457a2c85fe144ff2ae862a4,0.0,68.0,NÃO PRESENTE
704,00aba270e27206a0e2afbbd287a86f70,0.0,68.0,NÃO PRESENTE
705,5e03fc894adce88afd328776971801fe,1.6,48.0,NÃO PRESENTE
706,8d481b74ab36671d6e062660f8a05ffa,2.8,30.0,NÃO PRESENTE
707,f11cd7c676691dbef25205ef2d525f88,1.5,44.0,NÃO PRESENTE
708,7152ea6647bbf969d169c7e090a5cf29,7.7,12.0,NÃO PRESENTE
709,bcba2caccba45cdfd3c9dc7e358fa6dd,1.7,36.0,NÃO PRESENTE
710,9da52d714e9e4c7d797b49fddd784e10,0.0,68.0,NÃO PRESENTE
711,06e943e39b5b4c6f9ebaa870bcd359f8,0.0,66.0,NÃO PRESENTE
712,0193ca6c3c252facda40ba7cf54721c9,3.2,10.0,NÃO PRESENTE
713,f03314789e856c0b0bb472330b2e3197,0.5,28.0,NÃO PRESENTE
714,e4a531d48aa89f69d4866ff991292aab,2.4,16.0,NÃO PRESENTE
715,52c293efee07e076f91ce7c4b8fcd053,9.1,2.0,APROVADO POR NOTA
716,8d1fbb35ccdb3f12d1f16230d0eafb6b,7.0,8.0,NÃO PRESENTE
717,0229591e3b5d8d118ca945794774159a,3.0,28.0,NÃO PRESENTE
718,a07e462f79e6618f38de5193a7ac397d,1.4,10.0,NÃO PRESENTE
719,3d3e8c05f5333d3b79ae2cfd731f85a7,6.1,4.0,NÃO PRESENTE
720,fa4f2fb128e8fe48832f9c2ad72b6438,1.7,14.0,NÃO PRESENTE
721,c77be5959e2d10eb35c839451dd92c65,0.9,38.0,NÃO PRESENTE
722,a80b0ebc950265a92f3b20ef2b90ad26,0.0,66.0,NÃO PRESENTE
723,ad5aa63b795cbd8cab9705545f7031cd,1.9,12.0,NÃO PRESENTE
724,93d2c39e4a530e2aea975e6ad9040a09,0.5,20.0,NÃO PRESENTE
725,f0a3e2543a0aa4bd0d9ca1f3c54c69ce,2.2,40.0,NÃO PRESENTE
726,149bb7d4b1f0cf7138f999555692c113,4.6,2.0,NÃO PRESENTE
727,535741c3c60f93e640fb5763c568d330,6.2,6.0,NÃO PRESENTE
728,a3dcb346f223f440eb4cf3c4cc259308,0.0,54.0,NÃO PRESENTE
729,199707836c24c6eb235dc11a015833f1,2.5,6.0,NÃO PRESENTE
730,c17e7d72b8ad8118f84670d5203b6e51,6.8,0.0,APROVADO
732,5d4ad3f34c7cd07d1fba14c0a786bf00,5.4,16.0,APROVADO POR NOTA
734,cf129c4f08bbbced4bd2a40179004373,8.8,4.0,APROVADO
735,37dcb36d1735c7e482fd4f069bc30552,5.2,10.0,APROVADO POR NOTA
737,eadfadb438bd5cf3d0ed2e2321e53444,6.2,4.0,NÃO PRESENTE
738,bdb14f0c3b09bee882e19280d95f4fa0,1.6,12.0,NÃO PRESENTE
739,17432febac729d9f0aedc8ed76a9f60d,2.9,0.0,NÃO PRESENTE
740,feab801169f92c69823d87142cd2f05e,5.8,6.0,APROVADO POR NOTA
742,48e17081dee39d9e61e4b077e36318a7,6.6,2.0,REPROVADO
743,e32a28887d7e1379940207628eaa17e4,7.7,4.0,APROVADO POR NOTA
744,8c98a4dd6fefca1574e92bc55d19421f,6.0,14.0,NÃO PRESENTE
745,52275ccb54165b3ff248cd5250f2a507,1.6,24.0,NÃO PRESENTE
746,cb8809586c9df7be38652c6ec95d144a,5.9,0.0,REPROVADO
747,2cff485b7070771a2a704d0aa0a88a07,6.0,2.0,APROVADO POR NOTA
748,75559b35ae8ddeada7a3beee73cc0133,5.0,2.0,NÃO PRESENTE
749,de74f7826d7593e02fa9a6b882faa69e,7.4,2.0,APROVADO POR NOTA
750,d87f9dc6e79b8ddd723ef2a126c4f33a,6.4,2.0,APROVADO POR NOTA
751,0db412344caa3b3980c7f45a24c015cc,7.8,2.0,REPROVADO
752,ad7340489b42addeb6b729af60277715,5.6,16.0,NÃO PRESENTE
753,599ad68bdc7dbccb2e09438f0ac7b275,6.9,2.0,APROVADO POR NOTA
754,0a93b4bfeb42e6052057d31b86884754,6.9,14.0,REPROVADO
755,3d03ca5bcddf847dbf30af57f3d4aad5,0.8,16.0,NÃO PRESENTE
756,08a4c23aebb7b0df62b304af574f05f8,2.0,34.0,NÃO PRESENTE
757,af5ab579f2c36bf7bb7b27bfd3a70f5b,2.7,2.0,NÃO PRESENTE
758,026338ca9c3f52443ef64ce46eb2e15c,0.8,38.0,NÃO PRESENTE
759,4b85091869f572b6068ad220d87eff10,1.5,42.0,NÃO PRESENTE
760,76998e293739b1a7d0b04fcb5c1b6d42,0.0,68.0,NÃO PRESENTE
761,340514dc70f52401e07b80ccda93f768,0.0,62.0,NÃO PRESENTE
762,70e42f7eb2927da51b352bfa36609c2e,1.9,42.0,NÃO PRESENTE
763,ccdede13b8f6d2ec47e668328764b6a7,0.0,68.0,NÃO PRESENTE
764,bad87223976a78a280856645cbb6b59f,1.0,52.0,NÃO PRESENTE
765,0635825a741fc8b3168276a83d91d52d,0.0,68.0,NÃO PRESENTE
766,a0964e39f9f3f1778561518271cd1edf,0.0,66.0,NÃO PRESENTE
767,596d7d491e4c85d5babed0250be4dfcb,5.6,12.0,NÃO PRESENTE
768,4c877fa40579e9bf237d7d5d65114aa4,6.2,2.0,NÃO PRESENTE
769,1a4a47d9e738a4450e39e59e7b414da7,2.4,6.0,NÃO PRESENTE
770,664eec79dfeca82fde355caa1c0bb973,3.7,2.0,NÃO PRESENTE
771,02473b69880d3947c6081ee6d69f6b26,1.5,40.0,NÃO PRESENTE
772,072ca794211b6d89c4198f202a5daa1a,8.7,8.0,APROVADO POR NOTA
773,4270e7dc38b706584c0d335e3d32ccd3,9.1,14.0,NÃO PRESENTE
774,10bb5e6d41c89d5a3f01b8180524e11e,5.8,12.0,APROVADO POR NOTA
776,780bb0c099aa59314c5e24a1123dd1aa,6.2,0.0,APROVADO POR NOTA
777,41d4d67b0ab5023091c3fb0bbfc62243,7.5,0.0,APROVADO
778,ed232f40094276327b2235e9635d50b7,4.9,10.0,NÃO PRESENTE
779,3b4ae8739377dc3a2e17ebe3b6dd959c,5.1,4.0,APROVADO POR NOTA
781,5653835d930a4174b0123596cea2bfd8,5.7,2.0,REPROVADO
